Vishal Mishra,1.Zihaal e Miskin,2.Kaise Hua (From "Kabir Singh"),3.Manjha,4.Pehla Pyaar,5.Naseeb Se (From "Satyaprem Ki Katha"),6.Janiye (from the Netflix Film "Chor Nikal Ke Bhaga"),7.Naacho Naacho (From "Rrr"),8.Naacho Naacho (From "Rrr"),9.Aaj Bhi,10.Nai Lagda (From "Notebook")
Arijit Singh,1.Phir Aur Kya Chahiye (From "Zara Hatke Zara Bachke"),2.Kesariya,3.O Bedardeya (From "Tu Jhoothi Main Makkaar"),4.Agar Tum Saath Ho (From "Tamasha"),5.Tere Pyaar Mein,6.Tujhe Kitna Chahne Lage (From "Kabir Singh"),7.Jhoome Jo Pathaan,8.Tum Kya Mile (From "Rocky Aur Rani Kii Prem Kahaani"),9.Pyaar Hota Kayi Baar Hai (From "Tu Jhoothi Main Makkaar"),10.Tere Hawaale (From "Laal Singh Chaddha")
Kumar Sanu,1.Chura Ke Dil Mera (From "Main Khiladi Tu Anari"),2.Ae Kash Ke Hum,3.Tumsa Koi Pyaara,4.Sochenge Tumhe Pyar (From "Deewana"),5.Dheere Dheere Se Meri Zindagi Mein Aana (From "Aashiqui"),6.Ek Din Aap (From "Yes Boss"),7.Ladki Badi Anjani Hai,8.Tujhe Dekha To,9.Mera Dil Bhi Kitna Pagal Hai (From "Saajan"),10.Kitna Haseen Chehra (From "Dilwale")
A. R. Reihana,1.Ponni Nadhi,2.Saarattu Vandiyila (From "Kaatru Veliyidai"),3.Kedakkari,4.Ponge Nadhi [From "PS-1 (Telugu)"],5.Ya Nabi Salam Alaika,6.Karma Veeran,7.Morethukochindhi,8.Ponni Nadhi,9.Hey Magic Maname Title Track,10.Ponni Nadhi [From “PS-1 (Malayalam)”]
Aarti Mukherji,1.Do Naina Aur Ek Kahani,2.Shyam Teri Bansi Pukare,3.Takhon Tomar Ekush Bachhar,4.Ek Baishakhe Dekha Holo Dujanay,5.Ei Mom Jochhonay Ango Bhijiye Eso Na,6.Aaj Ki Raat Charangon,7.Aji Thahro Zara Dekho,8.Main Wohi Darpan Wohi,9.Katha Kichhu Kichhu Bujhe Nite Hoy,10.Laje Ranga Holo Kone Bou Go
Akriti Kakar,1.Khudaya Khair,2.Saturday Saturday,3.Iski Uski,4.Kehdoon Tumhe - The Unwind Mix,5.Wada Karo - The Unwind Mix,6.Dekhoon Tujhe To Pyaar Aaye,7.Tu Junooniyat (Climax Song),8.Ore Manwa Re,9.Insha Allah,10.Abhi Na Jao Chhod Kaar Unplugged - Female
Alisha Chinai,1.Tera Hone Laga Hoon,2.Ilahi (From "Yeh Jawaani Hai Deewani"),3.Badtameez Dil (From "Yeh Jawaani Hai Deewani"),4.Balam Pichkari (From "Yeh Jawaani Hai Deewani"),5.Tera Hone Laga Hoon (Lofi Mix),6.One Two Three Four (Get On The Dance Floor) [From "Chennai Express"],7.Kajra Re,8.Party All Night (From "Boss"),9.Sunny Sunny (From "Yaariyan"),10.Ghagra (From "Yeh Jawaani Hai Deewani")
Alka Ajith,1.Chillena,2.Chiragengu - Male Version,3.Poovaname,4.Ponnuppa Vannilla,5.Konji Konji,6.Thoondil,7.Ennoda Chennai (From "En Chennai Young Chennai Anthem"),8.Rajamannar,9.Pandhanai Nallooriley,10.Hari Hari Govinda Sri Hari Govinda
Alka Yagnik,1.Agar Tum Saath Ho (From "Tamasha"),2.Chura Ke Dil Mera (From "Main Khiladi Tu Anari"),3.Tip Tip (From "Sooryavanshi"),4.Mitwa,5.Tumsa Koi Pyaara,6.Tip Tip Barsa Paani (From "Mohra"),7.Ae Mere Humsafar,8.Kuch Kuch Hota Hai,9.Kisi Disco Mein Jaaye,10.Main Koi Aisa Geet Gaoon
Amirbai Karnataki,1.Gore Gore O Banke Chhore,2.Tasveer Banata Hoon Teri,3.Door Hato Ae Duniyawalo,4.Dheere Dheere Aa Re Badal,5.O Janewale Balamwa,6.Gore Gore O Banke Chhore Trap Mix,7.Milke Bichhad Gai Ankhiyan,8.Dheere Dheere Aa Re Badal,9.Mora Nazuk Badan,10.Gore Gore O Banke Chhore
Amrutha Suresh,1.Alhamdulillah,2.Kaanaa Chillamel - From "Eravu",3.Omanathinkal Kidavo,4.Thirathalam,5.Adugulo Adugunai,6.Gopalaka Paahimam,7.Chaliye Kunjanamo,8.Alaipayuthe Kanna,9.Veerangana,10.Enna Thavam
Abhirami Suresh,1.Maturma,Andrea Jeremiah,1.Pookkal Pookkum,2.Ennadi Maayavi Nee (From "VadaChennai"),3.Un Mela Aasadhaan,4.Idhu Varai,5.Machi Open the Bottle,6.Oo Solriya Oo Oo Solriya,7.No Money No Honey,8.Oh Baby,9.Nanbane,10.Google Google
Anindita Paul,1.Xubhra Bolakai,2.Paar Hoi Jabo Ei Duxomoi,3.Dancing Tonight,4.Eti Aahban,5.Bokul Phoolor Dore,6.Chokhe Chokhe,7.Pratigya - Original,8.Luitor Eepare Majuli,9.Ekane Xikane,10.Meghe Meghe
Anitha Shaiq,1.Kanalu,2.Kettu Marannoru,3.Bhaje Vrejaika,4.Pranaya Charadil - From "Nakshatra",5.Athbhutha Vigaraha,6.Kattukkul Vettai,7.Ravoru,8.Naadha - A Prayer,9.Annakiliye,Anjali Marathe,1.He Jeevan Sundar Aahe,2.Hi Vaat Kashi,3.Khushi Cheharyaavar Majhya Kaa Naahi Yenaar,4.Nagpanchamiche Sana Bai - Pt. 1,5.Bhui Bhegalali Khol,6.Yel Majha Gaon,7.Tel Naahi Tup Naahi,8.Nagpanchamiche Sana Bai - Pt. 2,9.Dil-E-Nadaan Tujhe Kya - Live,10.Aigiri Nandini
Annupamaa,1.Signore Signore,2.Mercury Poolu,3.Preminchava,4.Aiyayo,5.Umma Ayya,6.Dinakatha,7.Dhak Dhak Kangal Thudikka,8.Ethukkura Ala,9.Tujhi Majhi Jamali,10.Sunar Sajnwa
Anupama,1.Lagi Aaj Sawan Ki,2.Dil Se Re,3.Nazrein Milaana Nazrein Churaana,4.Uljhi Hai Yeh Kis Jaal Mein Tu - Humko Aajkal Hai Intezaar,5.Teri Jawani Badi Mast Mast Hai,6.Gulmuhar Malare,7.July Matham (From "Pudhiya Mugam"),8.Santhipoma (From "Ennakku 20 Unakku 18"),9.Rahathulla,10.Konjam Nilavu
Anuradha Bhat,1.Pataki Poriyo,2.Chanda Chanda,3.Edebaditha Joragide - From "Ek Love Ya",4.Yeko Yeno,5.Neenu Irade,6.Avarivarajothe,7.Kaaneyagiruve,8.Amma - From "Lisa",9.Appa I Love You,10.Neenu Iruvaga
Anuradha Paudwal,1.Dheere Dheere Se Meri Zindagi Mein Aana (From "Aashiqui"),2.Bahut Pyar Karte Hai - Female Version,3.Mujhe Neend Na Aaye,4.Dil Hai Ki Manta Nahin (From "Dil Hai Ke Manta Nahin"),5.Main Duniya Bhula Doonga,6.Chaaha Hai Tujhko,7.Tu Meri Zindagi Hai (From "Aashiqui"),8.Dhak Dhak Karne Laga,9.Nazar Ke Samne (From "Aashiqui"),10.Jeeye To Jeeye Kaise (From "Saajan")
Anuradha Sriram,1.Chunnari Chunnari,2.O Podu 1,3.Ishq Bina,4.Appadipodu (From "Gilli"),5.Hyar Ettu,6.Meenamma Athikalayilum,7.Ennavale Ennavale,8.Ada Ennaththa Solvenungo (From "Sivakasi"),9.Olli Kuchi,10.Oru Ponnu Onnu (From Kushi)
Antara Mitra,1.Mehrama,2.Itni Si Baat Hain (From "Azhar"),3.Janam Janam,4.Gerua (From "Dilwale"),5.Bheegi Si Bhaagi Si,6.Raanjhana Ve,7.Love Mashup 2019,8.Saree Ke Fall Sa,9.Bheegi Si Bhaagi Si - Lofi Flip,10.Kesariya - Dance Mix
Anushka Manchanda,1.Dance Basanti,2.Thee Pidikka,3.Ek Main Aur Ekk Tu,4.Manma Emotion Jaage (From "Dilwale"),5.Allah Duhai Hai,6.Apna Har Din,7.Mit Jaaye Gham (Dum Maaro Dum),8.Lucky Tu Lucky Me,9.Golmaal,10.Cheli Chemaku
Anweshaa,1.Jalte Diye,2.O Sita,3.Jagnyala Pankh Futale,4.Tha Kar Ke,5.Saagar Kinare - The Unwind Mix,6.Bahon Ke Darmiyan - The Unwind Mix,7.Godi Madhachi(Sapan Bhurr Zhal),8.Shravan Mahina,9.Varaanaaville - From "Mahaveeryar",10.Ni Sa Gari Sa
Aparna Balamurali,1.Thiru Thiru Thiruvananthapurathu,2.Kaattu Payale,3.Kaatuka Kanule,4.Mazha Paadum,5.Veyyon Silli,6.Kayilae Aagasam (From "Soorarai Pottru"),7.Aagasam,8.Maara Theme (Tamil),9.Naalu Nimisham,10.Pilla Puli
Arati Ankalikar Tikekar,1.Tula Pahile Mi,2.Mee Marathi,3.Mi Radhika,4.Piya Bavari,5.Ghire Ghir Aayi Badariyaa,6.Balamwa Tum Kya Jano Prit,7.More Kaanha,8.More Baanke Chhaliya,9.Ghar Nahi Hamre Shyaam,10.Huzoor Itna Hum Par Karam
Arundhati Holme Chowdhury,1.Jakhon Porbe Naa Mor,2.Amar Raat Pohalo - Arundhati Holme Chowdhury,3.Srabaner Dharar Mato,4.Dialogue And Danriye Achho Tumi Amar,5.Jato Bhabna Chhilo Jato Swapno Chhilo,6.Eso Pranbharan,7.Tomar Holo Shuru,8.Amar Raat Pohalo - Lofi,9.Ei Lobhinu Songo,10.Mon Matal Sanjh Sakal
Asha Bhosle,1.Radha Kaise Na Jale,2.Chura Liya Hai Tumne Jo Dil Ko,3.Le Gayi,4.Ajnabi Mujhko Itna Bata,5.Zara Sa Jhoom Loon Main,6.Yeh Vaada Raha - From "Yeh Vaada Raha",7.Abhi Na Jao Chhod Kar,8.Kitaben Bahut Si (From "Baazigar"),9.Sapne Mein (From "Satya"),10.Nee Partha Parvaikku (From "Heyram")
Asees Kaur,1.Raataan Lambiyan (From "Shershaah"),2.Tu Mile Dil Khile,3.Nain Ta Heere (From "Jugjugg Jeeyo"),4.Bolna (From "Kapoor & Sons (Since 1921)"),5.Tere Bin (From "Simmba"),6.Akh Lad Jaave (From "Loveyatri - A Journey Of Love"),7.Chogada (From "Loveyatri"),8.Bandeya Rey Bandeya,9.Krishna Teri Ho Gyi,10.Valentine's Mashup 2019
B. R. Chaya,1.Neeli Baanalli,2.Haalalladaru Haaku,3.Belli Rathadali Surya Thanda (From "Indrajith"),4.Bittu Hontyalla Nanna Halli,5.Eke Heegaytho,6.Shuklam Baradharam...Gajamukhane,7.Ninnantha Appa Illa,8.Sharanu Sharanayya,9.Thontada Aarya,10.Nee Jagga Byada
Banasree Sengupta,1.Khushiyan Hi Khushiyan,2.Aaj Bikeler Dake Tomar Chithi,3.Sundar Bone Sundari Gachh,4.Dham Dhama Dham Jibon - Madul Baje,5.Panchapradipe Dhupe,6.Tumi Amar Chokhe Kajal Dekho,7.Ekdin Sei Din,8.Amar Andhar Gharer Prodip,9.Dur Akashe Tomar Sur,10.Bhai Re Bhai Bon Re Bon
Bangalore Latha,1.AA RATHIYE DHAREGILIDANTHE,2.AA MODA BANNALLI,3.Salalitha Raaga Sudhaarasa,4.YEKO YENO,5.HELUVUDU ONDU,6.Sri Besaveshwara Suprabhatha,7.NAYANA NAYANA,8.Illi Yaru Illa,9.Chandramukhi Pranasakhi,10.Youvvana Hosadaada
Bhagwanti Navani,1.Lal Jhulelal - Dhuni,2.Lal Pahenjo Hindoran Men Maan Jhoolayan,3.Dhan Guru Baba Nanak Shah,4.Satnam Dhuni,5.Amaan Maan Maee - E - Khe Oreyan - Orano,6.Lal Muhinji Pat,7.Tunho Ee Atham Aasro,8.Muhinji Bedi Athai,9.Malik Thoka Char Padharat Pena,10.Ma Aayeen Aayan Teenhje
P. Bhanumathi,1.Maanasa Sancharare,2.Maasila Unnmai Kaathalae,3.Azhagaana Ponnu Naan,4.Yendukey Neekinta,5.Pilichina Biguvataraa,6.Meghamala,7.Dialogues (Bobbili Yuddham),8.Vanam Inge Bhoomi Inge,9.Kayyile Valayalellam,10.Kanngalin Vennilavae
Bhaswati Chakraborty,1.Smriti,2.Ammar Sukh,3.Niraloke Tarakar Sathe,4.Moddhyo Boyes,5.Heyali,6.Majhe Majhe Ami,7.Malotibala,8.Megh,9.Tumi Amar Jiboner Bastuto Ek Ango,10.Sukno Dale Notun Pata
Bhavatharini,1.Aathadi Aathadi,2.Thaaliyae Thevaiyillai,3.Ennai Thalatta Varuvala (From “Kadhalakku Mariyathai”),4.Meherezylaa,5.Oliyile Therivadhu,6.O Baby,7.Nee Illai Enral,8.Thendral Varum (From Friends),9.En Veetu Jannal (From "Raman Abdullah"),10.Ilavenirkala (From Manam Virumbuthe Unnai)
Bhitali Das,1.Chenai Mur O,2.Bohag Bihu,3.Xhukhor Dinot,4.Fagunor Moloaai,5.Suladim - Original,6.Mur Monor Phuloni - Original,7.Phul Kumoliya - Original,8.Gamusa Tongali Husori,9.Oi Nashoni Akou Bohag,10.Dhoni Ghoror
Bela Shende,1.Tola Tola,2.Machaan Machaan (From "Silambattam"),3.Sar Sukhachi Shravani,4.Olya Sanj Veli,5.Vaanam Mella,6.Ardhya Raati,7.Ka Kalena,8.Sath De Tu Mala,9.Dur Dur,10.Roz Mala Visrun Me
Bombay Jayashri,1.Zara Zara,2.Vaseegara,3.Mudher Kanave,4.Ondra Renda (From "Kaakha Kaakha"),5.Suttum Vizhi,6.Paartha Mudhal,7.Zara Zara - Lofi,8.Yaaro Manathile,9.Hrudayam Ekkadunnadi,10.Zara Zara - LoFi Chill
Chaitra Ambadipudi,1.Sirivennela - Female Version,2.Sita Kalyanam (From "Anni Manchi Sakunamule"),3.Yemito,4.Edo Edo,5.Kaun Mera,6.Dharuveyy Ra (From "Ramabanam"),7.Kanulalo Thadigaa,8.Cheyyi Cheyyi Kalipeddam,9.Aadhaarama Anuraagama,10.Kottha Kottha Gaa
Chaitra H. G.,1.Sakku Sakku (From "Snehana Preetina"),2.Bidu Bidu (From "Pallakki"),3.Kannalle,4.Malla Malla (From "Neelakanta"),5.Nee Chumu Chumu,6.Chellu Chellu (From "Nammanna"),7.Hey Baby,8.Super Man (From "Santha"),9.Sakhi Sakhi,10.Hai Bye Annonu (From "Boyfriend")
Charulatha Mani,1.Uchimandai,2.Chillax,3.Theeyae Theeyae,4.Sada Nannu,5.Kaakha Kaakha,6.Kannukkul Pothivaippen,7.Thandhaay,8.Neeve Neevelae,9.Rayile Raa,10.Maalai Saatrinaal
Chhaya Ganguli,1.Aapki Yaad Aati Rahi Raat Bhar,2.Farz karo hum ahele wafa hon,3.Zihale Miskin,4.Jab Phagun Raang Jamakte Hein,5.Khoonrez Karishma Naaz Sitam,6.Yaro Mujhe Muaf Rakho,7.Thodasa Roomani Ho Jayen,8.Tumhin Mere Rasna,9.Dhar Dhar Barse,10.Piya Baaj Pyala
Chinmayi,1.Mast Magan (From "2 States"),2.Main Rang Sharbaton Ka (Lofi Mix),3.Tere Bina,4.Main Rang Sharbaton Ka,5.Zehnaseeb,6.Kaathalae Kaathalae - Version 1,7.Vaarayo Vaarayo,8.Rooba Rooba,9.96 (Theme) - From "96",10.Anbil Avan
Chitra Singh,1.Tum Ko Dekha To Yeh Khayal Aaya,2.Woh Kaghaz Ki Kashti,3.Dil-E-Naadaan Tujhe Hua Kya Hai,4.Yeh Tera Ghar Yeh Mera Ghar,5.Us Mod Se Shuroo Karen,6.Baad Muddat Unhain - Main Aur Meri Tanhai / Soundtrack Version,7.Jai Madhav Madan Murari,8.Krishna Jin Ka Naam Hai,9.Sab Se Oonchi Prem Sagai,10.Shlokas
Dhriti Tiwari,1.Aaraam Karo,2.Sandhya,3.Ekiya,4.Antariksh Mein Sitaare,Dominique Cerejo,1.Sooraj Ki Baahon Mein,2.Kya Karoon?,3.Dhoom Again (From "Dhoom:2"),4.Baamulaiza,5.Smiyai,6.Bas Ek Pal,7.Injarango,8.Gale Lag Ja - Version 2,9.We Are Family Theme,10.Iss Tarah
Dhvani Bhanushali,1.Duniyaa (From "Luka Chuppi"),2.Dilbar (From "Satyameva Jayate"),3.Psycho Saiyaan (From "Saaho"),4.Vaaste,5.Leja Re,6.Ishare Tere (From "Ishare Tere"),7.Valentine's Mashup 2019,8.DYNAMITE,9.Love Mashup 2019,10.Nayan
Falguni Pathak,1.Maine Payal Hai Chhankai,2.Mar Jani Jhanjar,3.Yaad Piya Ki Aane Lagi - Pyaar Koi Khel Nahin / Soundtrack Version,4.Chudi,5.Saawan Mein,6.Yeh Kisne Jadu Kiya,7.Meri Chunar Udd Udd Jaye,8.Aiyo Rama,9.O Piya,10.Mane Chudi Piravan Lagyo
Gayatri Asokan,1.Kannin Vaathil Chaaraathe Female,2.Pennennum Aanennum,3.Pularumo,4.Girte Hue Boondon,5.Gauri - Ganpati Mahamantra,6.Lashmi Sahsranamam (From 'Lakshmi Shahsranamam Durga Sahasranamam'),7.Tasavvur,8.Alla ne Rakha,9.Etho Navikar,10.Suna Hai Log
Geeta Dutt,1.Babuji Dheere Chalna,2.Jane Kahan Mera Jigar Gaya Ji,3.Waqt Ne Kiya Kya Haseen Sitam,4.Yeh Lo Main Haari Piya,5.Ae Dil Mujhe Bata De,6.Piya Aiso Jiya Men Samaya Gayo,7.Yeh Hai Bombay Meri Jaan (Aye Dil Hai Mushkil Jeena Yahan),8.Ankhon Hi Ankhon Mein,9.Tadbeer Se Bigdi Huyi Taqdeer,10.Hum Aap Ki Ankhon Mein
Geetha Madhuri,1.Telugammayi,2.Pakka Local (From "Janatha Garage"),3.Chamka Chamka,4.Deo Deo,5.Neekemo Andamekkuva,6.Life Ante Itta Vundaala,7.Jai Balayya,8.Door Number Okati,9.Paravaledu Paravaledu,10.Kanti Papa
Gurlez Akhtar,1.Rubicon Drill,2.Wytb,3.Stick Talk,4.Rubicon Drill - LoFi Version,5.Defaulter,6.Harkheya Jatt,7.Panjeban,8.Barbie Doll,9.Aahi Gal,10.Raule
Harshdeep Kaur,1.Kabira (Encore),2.Jhak Maar Ke,3.Heer,4.Katiya Karun,5.Jalte Diye,6.Ik Onkar,7.Jannat,8.Gud Naal Ishq Mitha,9.Peer Vi Tu,10.High Rated Gabru 52 Non Stop Hits(Remix By Mandy Birgi,Birgi Veerz)
Hard Kaur,1.Laung Da Lashkara,2.Char Baj Gaye - Party Abhi Baaki Hai,3.Lucky Boy,4.Main Tera Dhadkan Teri,5.Chennai City Gangsta,6.Sadda Dil Vi Tu (Ga Ga Ga Ganpati),7.Move Your Body,8.Sarrainodu,9.Bas Ek Kinng,10.Rola Pe Gaya
Harini,1.Pookkal Pookkum,2.Veera Raja Veera,3.Unnaale Unnaale,4.Moongil Thottam,5.Cheliya,6.Aagaya Suriyanai (From "Samurai"),7.Kadhal Yaanai,8.Hasili Fisiliye,9.Verenna (Ivan Yaro),10.Ekkada Ekkada
Hema Sardesai,1.Yeh Dil Deewana,2.Jaanam Samjha Karo,3.Badal Pe Paon Hai,4.Yeh Dil Deewana (Lofi Mix),5.San Sanana,6.Apun Bola,7.Chori Chori Dil Le Gaya (From "Garam Masala"),8.Gupt Gupt - Title Version,9.Kehna Hai Tumse,10.A B C D E F G H I Love You
Hemlata,1.Ankhiyon Ke Jharokhon Se - Part 1,2.Kaun Disha Mein Leke Chala,3.Hum Katha Sunaate Ram Sakal Gun Dhaam Ki,4.Jab Deep Jale Aana,5.Jab Tak Pure Na Ho Phere Saat,6.Kai Din Se Mujhe,7.Ankhiyon Ke Jharokhon Se - Part 3,8.Sajna O Sajna-Le To,9.Tu Is Tarah Se - Hemlata,10.Ankhiyon Ke Jharokhon Se - Part 2
Himani Kapoor,1.Dum Dum,2.Aaj Ke Baad Reprise,3.Jogi Mahi,4.Meri Aawargi,5.Thode Kam Ajnabi,6.Pehli Pehli Baarish,7.Tere Dar Se,8.Suhe Ve Cheere Waleya,9.Dum Dum (Sufi Mix),10.Meri Aawargi - DJ Suketu Remix
Ila Arun,1.Choli Ke Peeche,2.Khal Nayak Hoon Main,3.Gup Chup Gup Chup,4.Bol Bol Bol,5.Khal Nayak Hai Tu,6.Chudiyan Khanak Gayeen,7.Tere Har Sawal,8.Megha Re Megha,9.Murshida,10.Ring Ring Ringa
Iman Chakraborty,1.Alada Alada (From "Ardhangini"),2.Tumi Jake Bhalobaso - Female Version,3.Era Sukher Lagi,4.Pakhider Smriti (Orchestral version),5.Tapa Tini (From "Belashuru"),6.Kalo Jole Kuchla Tole,7.Bala Nacho To Dekhi,8.Rangabati,9.Aamar Sonar Bangla,10.Nesha Lagilo
Indu Nagaraj,1.Sunday Bantu,2.Thraas Aakkathi,3.Ka Thalakatu Ka,4.Oye Kalla,5.Jilka Jilkare,6.Sanje Hothu (From "Tarak"),7.Hey Who Are You,8.Ninnade Ninnade,9.I Cant Wait Baby,10.Neene Dhoretha Mele
Jagjit Kaur,1.Tum Apna Ranjhogham Apni,2.Dekh Lo Aaj Hamko,3.Kahe Ko Byahi Bides - Jagjit Kaur,4.Chale Aao Saiyan,5.Gudiya Chidiya Chand Chakori,6.Nache Ang Ve,7.Tum Apna Ranjhogham Apni,8.Shubh Ghadi Aayee Re,9.Uske Bhed Nirale,10.Hariyala Banna Aaya Re
Jayati Chakraborty,1.Aamar Sonar Bangla,2.Bodhu Michhe Raag korona,3.Bhalobese Sokhi,4.Neel Anjonoghono,5.Aaro Dao Praan,6.Shokhi Bhabona Kahare Bole,7.Amar Poran Jaha Chay,8.Aami Keboli Swapano,9.Ami Eka Chini,10.Tumi je esechho
Jasmeen Akhtar,1.Phullan Wangran,2.Sick Of U,3.Vision,4.Hun Fer Hou La La La La,5.Tell Me,6.Badmashi,7.A to Z Psycho,8.Sakhiye Saheliye (From "Godday Godday Chaa"),9.Koka,10.Haveli
Jasmine Sandlas,1.Illegal Weapon 2.0 (From "Street Dancer 3D"),2.Ittar,3.Yaar Naa Miley (From "Kick"),4.Routine,5.Bamb Agya,6.Sip Sip,7.Patt Lai Geya,8.MIthi Mithi,9.Patlo,10.Panjeba
Jaspinder Narula,1.Ankhiyon Se Goli Maare,2.Tera Rang Balle Balle,3.Pyaar To Hona Hi Tha,4.Tere Pyar Mein Main,5.Kudi Kanwari,6.Bumbro,7.Sabki Baaratein Aayi,8.Soni Soni,9.Ek Ladki Chahiye,10.Judaai Judaai, Pt. 2
Jency Anthony,1.Aayiram Malargale,2.Iru Paravaigal,3.Adi Pennae,4.Thottam Konda Rajave,5.Meenkodi Theril,6.Nyan Nyan Paadanum,7.Kalvari Kunnil,8.Aayiram Malargale - Lofi,9.Aayiram Malargale,10.Kannippoo
Jikki,1.Ninne Pellade,2.Chigurakulalo Chilakamma,3.Janavule Nerajanavule,4.Vaaraai Nee Vaaraai,5.Kalangamilla Kadhale,6.Sri Lakshmi Ashtakam,7.Chinna Chiru Chitte,8.Sri Durga Kavacham,9.Pulakinchani Madhi,10.Mayakkum Maalai Pozhuthey
Jonita Gandhi,1.Deva Deva,2.Jimikki Ponnu,3.Arabic Kuthu - Halamithi Habibo (From "Beast"),4.What Jhumka ? (From "Rocky Aur Rani Kii Prem Kahaani"),5.Private Party (From "Don"),6.Chellamma (From "Doctor"),7.The Breakup Song (From "Ae Dil Hai Mushkil"),8.Mental Manadhil,9.Sau Tarah Ke,10.Kannadi Poovukku
Jyotica Tangri,1.Gallan Kardi,2.Mungda,3.Surmedani,4.Jinne Saah,5.Ek Chumma (From "Housefull 4"),6.Saari Raat,7.YA HABIBI,8.Kanda Kacheya Ne (From "Daana Paani" Soundtrack),9.Window Taley (From "Chatrapathi"),10.Kyun
Jyotsna Radhakrishnan,1.Raftaara - From "Lucifer",2.Muthu Mazha - Duet Version,3.Sukhamaanee Nilaavu,4.Karuppinazhaku,5.Melemanathu,6.Hridhayavum,7.Veyil Chilla,8.Kaathirunna,9.Aafat (Malayalam),10.Mehrubha - Version 1
June Banerjee,1.Mon Mane Na,2.Jhiri Jhiri,3.U La La (Female),4.Soniye Tu Janiye Tu,5.De Signal,6.Gum Hai Kisi Ke - Acoustic,7.Tor Naam Female,8.Chhauva Chhuvi Dyakho Hoye Gyalo (From "Om Shanti"),9.Deewana (Bonus Song),10.Chumbaki Aankhen
Kumar Sanu,1.Chura Ke Dil Mera (From "Main Khiladi Tu Anari"),2.Ae Kash Ke Hum,3.Tumsa Koi Pyaara,4.Sochenge Tumhe Pyar (From "Deewana"),5.Dheere Dheere Se Meri Zindagi Mein Aana (From "Aashiqui"),6.Ek Din Aap (From "Yes Boss"),7.Ladki Badi Anjani Hai,8.Tujhe Dekha To,9.Mera Dil Bhi Kitna Pagal Hai (From "Saajan"),10.Kitna Haseen Chehra (From "Dilwale")
Kalpana Raghavendar,1.Kodi Parakura Kaalam,2.Pogiren,3.Adho : Theme,4.Jigiru Jigiru,5.Thennattu Singame,6.Oyaa Oyaa,7.Thoda Chariche Samayam,8.Poda Poda Punnaakku,9.Pandathe Meesha Hey Mooliyalankaari,Kalpana Patowary,1.Gandi Baat,2.Aila Re Aila,3.Uga Hai Suraj Dev Chhath Geet,4.Baisara Beera,5.Aila Re Aila,6.Bahiyan Jo Hamari Pakadi,7.Dance the Night Away Mashup,8.Baba Harihar Nath Sonpur Me Holi Khele,9.Aila Re Aila (Remix),10.Chhod Dina Bahiya Maan Jayi Batiya (From "Jwala Mandi - Ek Prem Kahani")
Kanika Kapoor,1.Baby Doll,2.Chittiyaan Kalaiyaan,3.Luv Letter,4.Oo Bolega Ya Oo Oo Bolega (From "Pushpa The Rise Part - 01"),5.Lovely,6.Tukur Tukur,7.Zero Hour Mashup 2015(Remix By Dj Kiran Kamath),8.Punjabi Party Mashup,9.Paan Dukaniya (From "Bholaa"),10.Nachan Farrate (From "All Is Well")
Kanan Devi,1.Ghunghurba Baaje Saigal,2.Babul Mora Naihar Chhute Jaye,3.Zara Naino Se Naina,4.Dur Desh Ka Rehnewala,5.Toofan Mail Jay,6.Sakoon Dil Ka Mayassar-Duet,7.Aami Banaphool Go,8.Duniya Ye Duniya,9.Hum Dil Ko Dil Hum Ko,10.Ai Chand Chhup Na Jana
Kavita Krishnamurthy,1.Tu Cheez Badi Hain (From "Mohra"),2.Dilbar Dilbar (Remix),3.Koi Mil Gaya,4.Bole Chudiyan,5.Woh Ladki Hai Kahan,6.Neend Churayee Meri,7.Ammaye,8.Kaattrae En Vaasal - Wind,9.Jooma Chumma De De,10.Meri Duniya Hai
Kavita Seth,1.Rangisari (From "Jugjugg Jeeyo"),2.Iktara (From "Wake Up Sid"),3.Rangi Saari,4.Tum Hi Ho Bandhu,5.Iktara - Lofi Flip,6.Bombay Dreams (feat. Kavita Seth),7.Mere Sanam Ke Khwaab,8.Rangisari Lofi Mix,9.Jeete Hain Chal,10.Iktara - MTV Unplugged Version
K. B. Sundarambal,1.Ondranavan,2.Palanniappa Gnana Palam Nee,3.Ezhumalai Irukka,4.Andru Nee Veloondri - Virutham,5.Ariyathu Ariyathu,6.Gnana Pazhaththai,7.Pazhani Malaimeethiley,8.Munthu Thamizh,9.Vaazhkkai Ennum,10.Aruna Runam
Jamuna Rani,1.Kunguma Poove,2.Athikkai Kaai,3.Aidhurojula Pelli,4.Mama Mama Mama,5.Yaaradi Nee Mohini - Duet,6.Anatha Bhranthi Yena,7.Munthu Thamizh,8.Paattondru Ketten,9.O Devatha,10.Aruna Runam
Lata Mangeshkar,1.Mere Khwabon Mein,2.Tujhe Dekha To,3.Mera Dil Ye Pukare - Tu Aaja - Heartlock Mix,4.Tere Liye,5.Dil To Pagal Hai,6.Bholi Si Surat,7.Aankhein Khuli,8.Are Re Are (Part-2),9.Aap Ki Ankhon Mein Kuch,10.Lag Ja Gale Se Phir
L. R. Eswari,1.Kalasala Kalasala,2.Poondamalli,3.Avalukkenna,4.Ukkadathu Papadame,5.Bhale Bhale Mogaadivoy,6.Naan Manthoppil,7.Mahamayi Samayapura,8.Aadi Kuththu - From "Mookuthi Amman",9.Ammoru Thalliki - From "Ammoru Thalli",10.Karunai Ullam Kondavale
Madhushree,1.Mallipoo,2.Siragugal,3.Marudaani,4.Kalallo (From "Virupaksha"),5.Eppo Nee,6.Vaaji Vaaji,7.Nanbane,8.Un Pere Theriyadhu,9.Mahabali Maharudra,10.Tu Bin Bataye
Mahalakshmi Iyer,1.Bol Na Halke Halke,2.Falak Tak,3.Laung Da Lashkara,4.Tainu Leke,5.Manasa,6.Choododhu,7.Kurukku Siruthvalea (From Mudhalvan),8.Kaal Mulaitha Poovae,9.Ae Ajnabi (From "Dil Se"),10.Hey Shona
Mahathi,1.Mudhal Mazhai (From Bheema),2.Ammadi Aathadi,3.Nenje Nenje,4.Thee Illai,5.Neduvaali,6.Unakkenna Venum Sollu,7.Pudichirukku,8.Puyalae Puyalae (From "Kovil"),9.Neekem Kaavaalo Cheppu,10.Paal Pappali
Maitrayee Patar,1.Alakananda,2.Moupiya,3.Gaane Gaane,4.Tair Kotha,5.Unnaxi,6.Baartalaap (Duet),7.Balimahi,8.Bhatiyali Xopun,9.Bhalpuwa,10.Jakoruwa
Malavika,1.Seena Thana,2.Bommali (From "Billa"),3.Nuvvu Nenu,4.Untale Untale Nee Vente Untale,5.Cinema Choopistha Mama,6.Dang Dang - Soundtrack Version,7.Evarulerani,8.Paathukkulle,9.Hylessa,10.Oka Thotalo
Malgudi Subha,1.Mun Paniya (From "Nandhaa"),2.Thanga Thamarai Magalae (From "Minsara Kanavu"),3.Mudinepalli (From "Gentleman"),4.Time To Party,5.Thanni Vachu Poona Vachu,6.Amma Brahma Devudo,7.Thanga Thamarai (From "Minsara Kanavu"),8.Akale - From "Charlie",9.Nila Poongal,10.Suvvi Suvvi Suwala
Malvina Reynolds,1.Little Boxes,2.Little Boxes,3.Little Boxes,4.It Isn't Nice,5.Magic Penny,6.I Don't Mind Failing,7.What Have They Done to the Rain?,8.Love Is Something (The Magic Penny),9.Little Red Hen,10.God Bless the Grass
Mamta Sharma,1.Fevicol Se,2.Yaara,3.Munni Badnaam,4.Aa Re Pritam Pyaare,5.Bombay Ponnu,6.Anarkali Disco Chali,7.Tinku Jiya,8.Mera Dil Bhi Kitna Pagal Hai,9.Full Kick,10.Pinky
Manjari,1.Chimmi Chimmi - From "Urumi",2.Mozhikalum - Duet Version,3.Aattinkarayorathe - From "Rasathanthram",4.Pinakkamano,5.Mazhavillin,6.Bhajan,7.Aalilayum - From "Veeralipattu",8.Aa Oruthi,9.Chimmi Chimmi,10.Ennennum Unarave
Meghan Trainor,1.Made You Look,2.Like I'm Gonna Lose You (feat. John Legend),3.NO,4.All About That Bass,5.Dear Future Husband,6.Better When I'm Dancin',7.Mother,8.Me Too,9.Lips Are Movin,10.Alright
Minmini,1.Inji Idupazhagi (From "Devarmagan"),2.Chhoti Si Aasha - Version, 2,3.Chinna Chinna Asai - Bit (From "Roja"),4.Chhoti Si Aasha - Version, 1,5.Chinna Chinna Aasha (From "Roja"),6.Chinna Chinna Asai (From "Roja"),7.Adi Poonguyiley (From "Aranmanai Kili"),8.Vellithinkal,9.Neelaravil,10.Paathiravaayi Neram
Monali Thakur,1.Sawaar Loon,2.Khudaya Khair,3.Khwab Dekhe Sexy Lady,4.Badri Ki Dulhania (Title Track) [From "Badrinath Ki Dulhania"],5.Moh Moh Ke Dhaage (Female),6.Zara Zara Touch Me,7.Intezaar Tha,8.Anjaana Anjaani Ki Kahani,9.Raat Baaki,10.On Top of the World
Mridula Warrier,1.Mazhaye Toomazhaye,2.Hridayathin,3.Neehaaram - From "Enthada Saji",4.Ee Mizhikalin,5.Madhura Jeeva Ragam,6.Oru Vaakkum,7.Neeye Nenjil (From "Mindiyum Paranjum"),8.Ambazham - From "Ambazham",9.Chenthamara Theno - From "916",10.Oru Mozhi Parayam - From "IRA"
Mubarak Begum,1.Mujhko Apne Gale Laga Lo,2.Kabhi Tanhaiyon Mein,3.Ham Haal-E-Dil Sunaenge,4.Jab Ishq Kahin Ho Jata Hai - Various,5.Wada Humse Kiya,6.Itne Qareeb Aake Bhi Kya Jane,7.Neend Ud Jaye Teri,8.Woh Na Aayenge Palat Kar,9.Bemuravat Bewafa,10.Devta Tum Ho Mera Sahara
Nanditha,1.Ee Chota Nuvvunna,2.I Just Love You Baby,3.Moda Modalu,4.Yaaro Kannalli (From "Orata I Love You"),5.Brahmamurari,6.Neenu Banda Mele (From "Krishna"),7.Nanna Hrudaya,8.Hoo Kanasa Jokali,9.Ammammammo (From "Neelakanta"),10.Devaru Bareda (from "Neelakanta")
Neeti Mohan,1.Ishq Wala Love,2.Mere Yaaraa (From "Sooryavanshi"),3.Meri Jaan,4.Sapna Jahan (From "Brothers"),5.Nainowale Ne,6.Kaun Nachdi (From "Sonu Ke Titu Ki Sweety"),7.Kashmir Main Tu Kanyakumari,8.Bad Boy (From "Saaho"),9.Fitoor,10.Meri Zindagi Hai Tu (From "Satyameva Jayate 2")
Neha Kakkar,1.Tu Hi Yaar Mera (From "Pati Patni Aur Woh"),2.Dil Ko Karaar Aaya (From "Sukoon"),3.Dilbar (From "Satyameva Jayate"),4.O Saki Saki (From "Batla House"),5.Garmi (From "Street Dancer 3D") (feat. Varun Dhawan),6.Taaron Ke Shehar,7.Kar Gayi Chull,8.Main Tera Boyfriend (From "Raabta"),9.Gali Gali (From "Kgf Chapter 1"),10.Coca Cola (From "Luka Chuppi")
Nihira Joshi Deshpande,1.Sajde,2.Sajde - LoFi Mix,3.Bhijun Gela Vara,4.Tu Jarashi,5.Dhadak Dhadak,6.Sang Na Re Mana,7.Rang Laagyo,8.Phunkarichi Wadale,9.Baawra,10.Tu Jarashi - Sad Version
Nikhita Gandhi,1.At My Worst (Nikhita Gandhi Remix),2.Barbaadiyan,3.Kyaa Baat Haii 2.0,4.Najaa (From "Sooryavanshi"),5.Munda Sona Hoon Main (From "Shehzada"),6.Aise Kyun,7.Naach Meri Rani,8.Sawarne Lage - Female Version,9.Oh Oh - The First Love of Tamizh,10.Raabta (Title Track) [From "Raabta"]
Nilanjana Sarkar,1.Mera Babu Chhail Chabila - Mashup,2.Aaha Tomar Songe Praner Khela,3.Phule Phule Dhole Dhole,4.Keno Je Buke Othe Jhor - Duet,5.Shakuntala - Drama,6.Tumi Jeyo Na Ekhoni,7.Jhil Mil Swapner Din - Female Vocals,8.Kotha Hote Shunte Jeno Pai,9.Aamar Mon Maane Naa,Nimrat Khaira,1.Sira E Hou,2.Supna Laavan Da,3.Dil Malanga,4.Shikayatan,5.Ki Karde Je,6.Photo,7.Tere Naal,8.Jigra Te Laija Gabrua (From "Jodi"),9.Raanjha - Spotify Singles,10.Galwakdi - From "Galwakdi"
Nithyasree Mahadevan,1.Kanaa Kaangiren,2.Minsara Kanna,3.Meriseti Puvvaa,4.Om Nama Shivaya,5.Sowkiyama Kannae (From "Sangamam"),6.Minsara Poove (From "Padayappa"),7.Varam Nan Unai,8.Raja Raja Kula,9.Vandhaen Vandhaen,10.Poove Poove (Female Version)
Najim Arshad,1.Arikil,2.Kanavukalil - From "Philips and the Monkey Pen",3.Kannimalare Kanninazhake (From "Ithihasa"),4.Ente Pranayathin - From "Chembada",5.Aaro Aaro Chare - From "Ring Master",6.Chenthengin,7.Thotte Thotte,8.Kanno Nilakayal - From "Oru Yamandan Premakadha",9.Mazhanila,10.Theru There Ororo
P. Leela,1.Vaaraayo Vennilave,2.Raavoyi Chanamama - Chandamma,3.Vanga Machan Vanga,4.Neevena Nanu Thalachinadhi,5.Kalavaramaaye Madhilo,6.Manishi Maara Ledhu,7.Lahiri Laahiri Lo,8.Jagadnabhari Ramudu,9.Choopula Kalasina Subhavela,10.Aaha Inba Nilaavinile
P. Madhuri,1.Kaylani Kalavani,2.Ambadi Thannilorunni,3.Neela Ponmane,4.Mallikabanan Thante,5.Kasthoori Thailamittu,6.Krishnapaksha Kili,7.Thullikorikudam,8.Ezharaponnana,9.Innanikku Pottukuthan,10.Vaanamennum Veedhiyile
P. Susheela,1.Thenmadurai Vaigai Nadhi,2.Muthumani Maalai (From "Chinna Gounder"),3.Pesa Koodaathu,4.En Kanmani,5.Karpoora Bommai,6.Vatapatra (Happy),7.Sree Rastu Shubhamastu,8.Andhi Mazhai Megam,9.Rajaavin Paarvai,10.Naan Paartthathille
Palak Muchhal,1.Kaun Tujhe (From "M.S.Dhoni - The Untold Story"),2.Chahun Main Ya Naa (From "Aashiqui 2"),3.Meri Aashiqui (From "Aashiqui 2"),4.Sanam Teri Kasam,5.O Khuda,6.Valentine's Mashup 2019,7.Dhokha Dhadi,8.Tu Hi Hai Aashiqui - Duet,9.Kabhii Tumhhe - Female Version,10.Laapata
Pop Shalini,1.Yaakkai Thiri (From "Aayutha Ezhuthu"),2.Ayyo ayyo Unkangal,3.Yellae Lama,4.Nanne Nanne,5.Unnodu Vaazhatha,6.Mudhal Naal,7.Yellae Lama,8.Sontha Kuralil Paada,9.Maramkothiye (From "Ah…Aah"),10.Hey Manohara
Prashanthini,1.Ayyayo,2.Mundhinam,3.Ennamo Yeadho (From "KO"),4.Oy..Oy..,5.Vizhi Moodi,6.Inka Edho,7.Love Pannu (Oru Punnagai Poove),8.Lolita,9.Monna Kanipinchavu,10.Iraivanai Unargira
Priya Hemesh,1.Aval,2.En Jannal Vandha,3.Ringa Ringa,4.Yaaro Yaaro,5.Neela Vaanam (From "Manmadan Ambu"),6.Sehari Sehari,7.Aathadi Manasudhan (From "Kazhugoo"),8.Meow Meow,9.Evaro Nenevaro,10.Onde Ondu Saari
Priyadarshini,1.Kadhal Vandhale,2.Papa Papa,3.Puli,4.Onnaam Class,5.Oye Kalla,6.Thaarru Maarru,7.Rathiri Nerathu (Remix) (From 'Sattapadi Kutram'),8.Oole Olele,9.Thangame Thangame,10.Mora Vinara
Queen Hazarika,1.Abhilashi Mone,2.Abhilashi Mone,3.Akakh Suboloi Mon,4.Xaare Aasu,5.Out Of The Blue Theme Song (From "Out Of The Blue"),6.Xaare Aasu,7.Moja Koru Aha Aji-Duet,Rajkumar,1.Oh Gulabiye,2.Pile Pile O Meri,3.Vidhi Baraha,4.Baani Gondu Elle,5.NAGUTHA NAGUTHA BAALU,6.Huttidare Kannada (From "Aakasmika"),7.CHELUVEYE NINNA,8.Hey Dinakara,9.I Love You Jeeva Hoovagide,10.Anuraga Yenaythu
Rakshita Suresh,1.Kutty Pattas,2.Kaalathukkum Nee Venum - From "Vendhu Thanindhathu Kaadu",3.Sol,4.Kodi Parakura Kaalam,5.Sanchariyagu Nee (From "Love Mocktail 2"),6.Nee Parichaya,7.Veera Raja Veera,8.Pattamarangal,9.Kirunage,10.O Nidhima (From "Love Mocktail 2")
Ranina Reddy,1.Malai Mangum Neram,2.Kodana Kodi,3.Ola Olaala Ala,4.Engeyum Kaadhal,5.Thee Illai,6.Ek Baar (From "Vinaya Vidheya Rama"),7.Mee Intiki Mundhu,8.Aga Naga,9.Ammadu Let's Do Kummudu (From "Khaidi No 150"),10.Mind Block (From "Sarileru Neekevvaru")
Ranjini Jose,1.Dhoore Mamarakombil - Cover Version,2.Mounam Swaramaay - Cover Version,3.Aaraaree Raareeraro Male,4.Siyona - From "Nammal Thammil",5.Dil Dil Salam Salam,6.Mazha Peyyannu,7.Kumbari,8.Vellambal,9.Ezham Baharinte,10.Naiyn Tere
Raavu Balasaraswathi,1.Manasaina Cheli Pilupu,2.Madhiloni Madhura,3.Neela Vanna Kanna Vaada,4.Thaane Maarenaa,5.Singaara Punnagai,6.Andaala Aanandam,7.Intha Telisi Undi,8.Eliyorai Thaazhthi,9.Malligaipoo Jaathi,10.Adigadigo Gagana Seema
Reena Bhardwaj,1.Yeh Rishta,2.Kaatril,3.Khilli Re,4.Naan Epoudhu,5.Kehu Nashedi Kahe - Studio,6.Tu Raha Niche - Studio,Rekha Bhardwaj,1.Kabira,2.Ilahi (From "Yeh Jawaani Hai Deewani"),3.Aise Kyun - Ghazal Version,4.Mileya Mileya,5.Badtameez Dil (From "Yeh Jawaani Hai Deewani"),6.Balam Pichkari (From "Yeh Jawaani Hai Deewani"),7.One Two Three Four (Get On The Dance Floor) [From "Chennai Express"],8.Judaai,9.Party All Night (From "Boss"),10.Sunny Sunny (From "Yaariyan")
Richa Sharma,1.Sajdaa,2.Jag Soona Soona Lage,3.Billo Rani,4.Maula Maula,5.Kahin Aag Lage Lag Jaaye,6.Sajdaa - Lofi Flip,7.Lambi Judai,8.Zor Ka Jhatka,9.Dil Teri Deewangi Mein,10.Tauba Tauba
Rimi Tomy,1.Etho Raathrimazha - Recreated Version,2.Therirangum Mukile - Recreated Version,3.Jillam Jillala,4.Aaro Viral Meetti - Recreated Version,5.Chingamasam,6.Karthaave,7.Vascodagama - Duet Version,8.Konji Konji Chirichal (From "Avatharam"),9.Karale Karalinte,10.Punjirikku
Roopa Revathi,1.Ottathoval,Ruma Guha Thakurta,1.Ei To Hethay Kunja Chhayay,2.Mayabonbiharini Horini,3.Kochi Kochi Mukh,4.Chinite Parini Bondhu,5.Uttorpara Dakhimpara,6.Mon Je Amar Kemon Kemon Kare,7.Arun Kiron Shish Bhusan,8.Prem Korechi Besh Korechi,9.Ki Moja Ki Moja,10.Luchi Luchi Fulko Luchi
S. Janaki,1.Thendral Vandhu Theendumbothu (From "Avatharam"),2.Kaadhal kaditham (From "Jodi"),3.Yaar Bina Chain Kanha Ray,4.Inji Idupazhaga (From "Devar Magan"),5.Sundari,6.Malare,7.Aasai Athigam (From "Marupadiyum"),8.Nenjinile,9.Kodiyile Malliyapoo,10.Chinna Chinna Vanna Kuyil
S. P. Sailaja,1.Aasaiye Kaathule,2.Kammani,3.Botany,4.Aayiram Malargale,5.Oru Kili Uruguthu,6.Yetho Ninaivugal,7.En Jodi Manja Kuruvi,8.Bothai Eripochu,9.Vannam Konda,10.Ada Machamulla
Sadhana Sargam,1.Pehla Nasha,2.Saat Samundar Paar Happy,3.Maahi Ve,4.Akkam Pakkam,5.Manmadhane Nee,6.Vennilave (From "Minsara Kanavu"),7.Enadhuyire (From "Bheema"),8.Merke Merke ( From" Kanda Naal Mudhalai"),9.Manasa,10.Aao Naa
Sagarika Mukherjee,1.Aaj To Bijiliyan,2.Na Koi Raah Hai,3.Nijer Cheye Maansooh Jokhon,4.Kehta Hai Yeh Mera Dil,5.Sab-I Dharmete,Pt. 2,6.Mil Ke Rahenge,7.Mere Liye,8.Jhoom Zara,9.Aa Jao,10.Rula Gaya
Salma Agha,1.Yaad Koi Aa Raha Hai,2.Dil Ki Yeh Arzoo Thi,3.Dil Ke Arman Ansuon Men Bah Gaye,4.Teri Mohabbat Meri Jawani,5.Aaya Tha Jis Pe Dil,6.Faza Bhi Hai Jawan - Ii,7.Meri Kahkashan Bhi Tu,8.Aaja Re Aaja Kar Loon,9.Kehna Na Tum Yeh Kisi Se,10.Dance Dance - Salma Agha
Sanchita Bhattacharya,1.Haathi Ka Bal Hai,2.Kambal Ke Neeche,3.Koshampa,4.Jai Jai Krishna,5.India Song,6.Adiye Adiye,7.Aaiye Meherbaan,8.Hathi Cha Bal Aahe,9.Jokhon Porbe Na Mor Payer Chinho,10.Din Gona Prem Bona
Sandhya Mukhopadhyay,1.Na Jadi Tumi Jano,2.Jakhani Kono Gaan Gaite,3.Je Ankhi Tiyasha Niye,4.Jadi Chao Chandni Tumi,5.Ke Tumi Go,6.Jato Baar Alo,7.Aji Siharita Tanu Mon,8.Amar Bari Jaio Bandhu,Sanjeevani Bhelande,1.Ya Kundendu,2.Yuge Atthavis,3.Lavthavti Vikarala - Shankarachi Aarti,4.Gajanana Shree Ganraya,5.Sada Sarvada - Shlok,6.Durge Durdhatbhari,7.Yei Oh Vitthale,8.Shani Chalisa,9.Om Namah Shivaya,10.Jai Adhya Shakti - Ambe Maa Ni Aarti
Sanjeevani Bhelande,1.Ya Kundendu,2.Yuge Atthavis,3.Lavthavti Vikarala - Shankarachi Aarti,4.Gajanana Shree Ganraya,5.Sada Sarvada - Shlok,6.Durge Durdhatbhari,7.Yei Oh Vitthale,8.Shani Chalisa,9.Om Namah Shivaya,10.Jai Adhya Shakti - Ambe Maa Ni Aarti
Santha P. Nair,1.Thumbi Thumbi Vaa,2.Puthanpurakare,3.Appam Venam,4.Vaasantha Raavinte,5.Maaney Maaney,6.Poove Nalla Poove,7.Ekantha Kamuka,8.Unaru Unaaru,9.Vattan Vilagngnittum Varinellu,10.Manaththulloru
Saindhavi,1.Pirai Thedum,2.En Jeevan,3.Yaar Indha Saalai Oram (From "Thalaivaa"),4.Adada Mazhaida (From "Paiya"),5.Andangakka,6.Shree Hari Stotram,7.Nesamaguren,8.Yaaro Ivan (From "Udhayam NH4"),9.Thanjavoor Jilla Kaari,10.Manasellam Mazhaiye
Sapna Mukherjee,1.Sundara Sundara,2.Mahabali Maharudra,3.Ooee Baba (From "Judaai"),4.Aakhir Tumhein Aana Hai,5.Tere Ishq Mein Naachenge,6.Tirchi Topiwale - 1,7.Khud Ko Kya Samajhti Hai - From "Khiladi",8.Pyaar Ka Anjaam,9.Gazar Ne Kiya Hai Ishara,10.Dil Le Gayi Teri Bindiya
Shakthisree Gopalan,1.Yaanji - From "Vikram Vedha",2.Aga Naga,3.Imaye Imaye,4.Naan Nee,5.Rendu Kaadhal (From "Kaathuvaakula Rendu Kaadhal"),6.Nenjame Nenjame,7.Thodu Vaanam,8.Vaaya Veera,9.Ninaivirukka (From "Pathu Thala"),10.Uchimandai
Shalmali Kholgade,1.Balam Pichkari,2.Lat Lag Gayee,3.Daaru Desi,4.Besharmi Ki Height,5.Mere Sawaal Ka (From "Shehzada"),6.Pareshaan,7.Don't Be Shy Again (From "Bala"),8.Tera Naam Doon,9.Beqaaboo,10.Baby Ko Bass Pasand Hai
Shamshad Begum,1.Teri Mehfil Mein Kismat Azmakar,2.Kajra Mohabbat Wala,3.Leke Pehla Pehla Pyaar - Farooq Got Audio Mix,4.Kabhi Aar Kabhi Paar - Farooq Got Audio Mix,5.Leke Pahla Pahla Pyar - Retro Mix,6.Leke Pahla Pahla Pyar,7.Leke Pahla Pahla Pyar - Remix,8.Saiyyan Dil Mein Aana Re,9.Kabhi Aar Kabhi Paar,10.Baratiya Lafua Laga Ta
Shankar-Ehsaan-Loy,1.Bol Na Halke Halke,2.Mitwa,3.Kal Ho Naa Ho,4.Sajde,5.Tere Naina,6.Sajdaa,7.O Rangrez,8.Zinda,9.Maahi Ve,10.Kajra Re
Shashaa Tirupati,1.Rait Zara Si,2.Bodhai Kaname - From "Oh Manapenne",3.The Humma Song,4.Naan Pizhai (From "Kaathuvaakula Rendu Kaadhal"),5.Visiri,6.Mayilaanjiye - From "Sivappu Manjal Pachai",7.Kajra and Uden Jab Jab Mashup,8.Idhu Dhaan - From "Sivappu Manjal Pachai",9.Oru Manam (From "Dhruva Natchathiram"),10.Khulke Jeene Ka
Shazneen Arethna,1.Aasman Ko Chukar,2.Superstar,3.I Hate You - Like I Love You,4.Dil Di Nazar (Remix),5.Hello Beardo,6.La La Love Song,7.After,8.Dance Alone,9.Stardom,10.Fucking Beautiful
Shilpa Rao,1.Tere Hawaale (From "Laal Singh Chaddha"),2.Besharam Rang (From "Pathaan"),3.Kaavaalaa (From "Jailer"),4.Khuda Jaane,5.Ghungroo (From "War"),6.Subhanallah,7.Bulleya (From "Ae Dil Hai Mushkil"),8.Saanjha (From "Zara Hatke Zara Bachke"),9.Allah Maaf Kare,10.Malang (From "Dhoom:3")
Sharda Sinha,1.Kahe Toh Se Sajna,2.Babul Jo Tum Ne Sikhaya,3.Pahile Pahil Chhathi Maiya,4.Kahe Toh Se Sajna - Lofi,5.Taar Bijli,6.Kelwa Ke Paat Par,7.Hardi Hardiya (Haldi),8.Ho Deenanath,9.Hare Hare Hare Dada (Madwa),10.Purab Disha Se - Lagan Geet
Shibani Kashyap,1.Leke Pehla Pehla Pyar,2.Ho Gayi Hai Mohabbat - Reprise - Shibani Kashyap,3.Buhe Bariyan,4.Lakk Shake,5.Zinda Hoon Main,6.KHUSHNUMA,7.Chura Liya Hai Tumne Jo Dil Ko,8.Mere Mehboob,9.Waqt Ne Kiya Kya Haseen Sitam - Shibani Kashyap,10.Zinda Hoon Main Y
Shreya Ghoshal,1.Zihaal e Miskin,2.Tum Kya Mile (From "Rocky Aur Rani Kii Prem Kahaani"),3.Pal,4.Saibo,5.Samjhawan,6.Hasi - Female Version,7.Param Sundari,8.Main Agar Kahoon,9.Tujh Mein Rab Dikhta Hai - Ii,10.Rasiya
Shruti Pathak,1.Tujhe Bhula Diya,2.Shubhaarambh,3.Tujhe Bhula Diya Lofi Mix,4.Valentine's Mashup 2019,5.Mar Jawaan,6.Criminal,7.The Break Up Mashup,8.Radha Ne Shyam Mali Jashe,9.Kehta Hai Pal Pal,10.Aas Paas Khuda (Unplugged)
Shubha Mudgal,1.Kanaa Kaangiren,2.Dholna - From "Pyar Ke Geet",3.Ab Ke Saawan,4.Aditya Hridaya Stotra,5.Piya Tora Kaisa Abhiman (Female),6.Mathura Nagarpati,7.Bichua,8.Seekho Na,9.Raha Dekhe,10.Jug Jug Jeeve (From "Badhaai Ho")
Shweta Mohan,1.Vaa Vaathi,2.Nee Paartha Vizhigal - The Touch of Love,3.Priya Mithunam (Telugu),4.Mastaaru Mastaaru,5.Innum Konjam Naeram,6.Maya Nadhi,7.Enna Solla (From "Thangamagan") - The New Life of Tamizh,8.Etho Mazhayil,9.Emannavoo,10.Sirukki Vaasam
Shweta Pandit,1.Kanave Kanave,2.Kiya Kiya,3.Aankhein Khuli,4.You're My Love,5.Thug Le,6.Ela Ela Naalo,7.Madhubala,8.Ninnaale,9.Chalte Chalte,10.Do Dhaari Talwaar
Shweta Shetty,1.Dil Tote Tote Ho Gaya,2.Poster Lagwado Bazaar Mein,3.Deewane To Deewane Hain,4.Rukmani Rukmani,5.Dhak Dhak,6.Main Deewani Main Mastani,7.Dilli Ki Sardi,8.Rukmani Rukmani - Instrumental,9.Hai Re Hai Rabba (Remix By Guru,Monty),10.Dil Tote Tote Ho Gaya
Shirley Setia,1.Jab Koi Baat - Recreated,2.Sach Bata Mujhe (From the album 'Industry2'),3.Kuchh Na Kaho,4.Nikamma (From "Nikamma"),5.Disco Disco,6.Koi Vi Nahi,7.Tu Jo Mila-Raabta,8.golden hour - Shirley Setia Remix,9.Jab Koi Baat - Lo Fi Remix,10.Ik Vaari Aa-Nadaan Parindey-Tum Ho Toh (From "T-Series Mixtape Season 2")
Simiran Kaur Dhadli,1.Faraar (From "Maurh"),2.Barood Wargi,3.Rok Leyy,4.Snakes & Ladders,5.Marr Tan Ni Gye,6.Classy Enemy,7.Good Luck,8.Shikaar,9.Niggh,10.Reality Check
Sivaangi Krishnakumar,1.MMBB Starwar (From "Golmaal"),2.Rekkalu Thodigi,The Smiths,1.There Is a Light That Never Goes Out - 2011 Remaster,2.This Charming Man - 2011 Remaster,3.Heaven Knows I'm Miserable Now - 2011 Remaster,4.This Night Has Opened My Eyes - 2011 Remaster,5.Back to the Old House - 2011 Remaster,6.Bigmouth Strikes Again - 2011 Remaster,7.Please, Please, Please, Let Me Get What I Want - 2011 Remaster,8.How Soon Is Now? - 2011 Remaster,9.Pretty Girls Make Graves - 2011 Remaster,10.I Know It's Over - 2011 Remaster
Sravana Bhargavi,1.Super Machi,2.Yevandoi Nani Garu,3.Wild Saala (From "Agent"),4.Zari Zari Panche Katti,5.Vaastu Bagunde,6.Aafat (Telugu) [From "Liger (Telugu)"],7.Aale Bale,8.Nannaku Prematho,9.Bhoom Shakenaka,10.Dhammu
Sithara Krishnakumar,1.Cherathukal (From "Kumbalangi Nights"),2.Kadukumanikkoru Kannundu - From "Kappela",3.Wow Song - Ponnin Kanikkonna,4.Kangal Neeye,5.Nee Mukilo - From "Uyare",6.Nannaya Raasina,7.Wow Song - Recreated Version,8.Ennilerinju,9.Vaanamakalunnuvo,10.Ila Peythu Moodumi - From "Ellam Sheriyakum"
Sona Mohapatra,1.Naina,2.Ambarsariya,3.Bahara,4.The Break Up Mashup,5.Bahara - Lofi Flip,6.Jiya Lage Na,7.Kabhi Aar Kabhi Paar (Remix),8.Bedardi Raja,9.Daav Laga,10.Rupaiyya
Sonu Kakkar,1.London Thumakda (From "Queen"),2.Babuji Zara Dheere Chalo,3.Madari,4.Sarrainodu,5.Meherbaan,6.Akkad Bakkad,7.Yeh Kasoor,8.Dil Ko Sukoon,9.Bin Laden,10.Chitti Aayirey
Somlata Acharyya Chowdhury,1.Amar Bhitor O Bahire,2.O Je Mane Na Mana,3.Jagorane Jay Bibhabori - 2011,4.Nishitho Raater,5.Shesh Belaye,6.Hey Shokha,7.Beshure,8.Aj Jyotsna Ratey,9.Amader Kotha Gulo,10.Tumi Ashbey Bole
Sowmya Raoh,1.Le Le Mazaa Le,2.Dilbara,3.Aedho Saigirai (From "Vaamanan"),4.Dreamum Wakeupum,5.Ithanundu (From "Dhol"),6.Karagida Baaninalli,7.Macarina Macarina (From "Kushi"),8.Nach Baliye,9.Unn Siripinil,10.Dilbara (Reprisal) Edit
Srilekha Parthasarathy,1.Yedho Ondru,2.Kalyaanam Thaan Kattikittu,3.Vaadiamma,4.Kokku Meena (From "Kovil"),5.Bunny Bunny,6.Thimsukatta (From "Thirumalai"),7.Vachikka vachikka,8.Vacchukka Vacchukka,9.Pambarakkannu Pachamilakaa,10.Chinna Veeda
Sudha Malhotra,1.Yeh Pyar Tha Ya Kuchh Aur Tha,2.Na To Caravan Ki Talash Hai,3.Shukratara Mand Vara,4.Na Main Dhan Chahun,5.Too Ashi Javali Raha,6.Darshan Do Ghanshyam,7.Tum Mujhe Bhool Bhi Jao - 1960,8.Yeh Hai Ishq Ishq,9.Hum Tumhare Hain,10.Mere Nadeem Mere Hamsafar
Sujatha,1.Pudhu Vellai Mazhai (From "Roja"),2.Kokkorakko (From "Gilli"),3.Kaadhal Rojave (From "Roja"),4.Ishq Bina,5.Poovukkul,6.Azhakooril (From "Thirumalai"),7.Oru Kaathilola,8.Junile Nilamazhayil,9.Karimizhi,10.Irava Pagala
Sulakshana Pandit,1.Jana Kaha Hai - Chalte Chalte / Soundtrack Version,2.Pappa Jaldi Aa Jana,3.Jab Aati Hogi Yaad Meri,4.Jiske Liye Sabko Chhoda,5.Kajre Ki Baati,6.Somwar Ko Hum Mile,7.Mana Teri Nazar Mein - Ahista Ahista / Soundtrack Version,8.Mausam Mausam Lovely Mausam,9.Sapnon Ka Raja - Chalte Chalte / Soundtrack Version,10.Saagar Kinare Do Dil Hai Pyase - Khamoshi - The Musical / Soundtrack Version
Suman Kalyanpur,1.Aajkal Tere Mere Pyar Ke Charche,2.Zindagi Imtihan Leti Hai - From "Naseeb",3.Nimbonichya Zadamaage,4.Na Na Karte Pyar Tumhin Se,5.Saang Kadhi Kalnar Tula,6.Tumne Pukara Aur Hum Chale Aaye,7.Rahen Na Rahen - Duet,8.Mera Pyar Bhi Tu Hai,9.Na Tum Hamen Jano,10.Jithe Sagra Dharni Milte
Sunitha Sarathy,1.Ennodu Nee Irundhaal,2.Bad Boy (From "Saaho"),3.Yaakkai Thiri (From "Aayutha Ezhuthu"),4.Engeyum Eppothum - From "Polladhavan",5.Ennodu Nee Irundhaal - Trending Version,6.Suthudhe Suthudhe (From "Paiya"),7.Thoovaanam,8.Vallava Ennai,9.Manasa Manasa,10.Ye Cheekati
Sunitha,1.Nunugu Misalodu,2.Gundu Sudhi,3.Yey Chikittha,4.Bangala Kathamulo,5.Pedhavi Daatani,6.Em Sandeham Ledu,7.Jum Jum Maya,8.Neeli Neeli Aakasam (From "30 Rojullo Preminchadam Ela"),9.Varsham Munduga,10.Nee Navvula
Surmukhi Raman,1.Kaar Kaala Velai,2.Anuvynakaalam,3.Mujhe Aa Bharle,4.Aledaata Kaata,5.Endhaaka Nee Payanam,6.Para Para,7.Aadum Mayilil Nee Vara Vendum,8.Inga Vaanthey,9.Thedi Thedi,10.Kanna Unnai
Sushma Shrestha,1.Kya Hua Tera Vada,2.Tera Mujhse - From "Aa Gale Lag Jaa",3.Ek Din Bik Jayega Mati Ke Mol - Sad,4.Aao Tumhen Chand Pe Le Jayen,5.Teri Hai Zameen Tera Aasman,6.Kya Hua Tera Vada Chill Flip,7.Kya Hua Tera Vada - LoFi,8.Kilbil Kilbil Pakshi Bolati,9.Kya Hua Tera Vada - Lofi,10.Kya Hua Tera Wada
Sunanda Sharma,1.Jatt Disda,2.Mummy Nu Pasand (From "Jai Mummy Di"),3.Tere Naal Nachna (From "Nawabzaade"),4.Jaani Tera Naa,5.Duji Vaar Pyar,6.Poster Lagwa Do (From "Luka Chuppi"),7.Sandal,8.Chori Chori,9.Saadi Yaad,10.9-9 Mashukan
Sunidhi Chauhan,1.Show Me The Thumka (From "Tu Jhoothi Main Makkaar"),2.Surili Akhiyon Wale - Duet,3.Halka Halka (From "Fanney Khan"),4.Desi Girl,5.Sheila Ki Jawani,6.Dilliwaali Girlfriend,7.Mere Haath Mein,8.Chor Bazaari,9.Kashmir Main Tu Kanyakumari,10.Kyon
SUVI,1.Kodana Kodi,2.Asku Laska,3.Odi Odi Vilayada,4.Nallamdhana,5.Yedho Mayakkam (From "Billa 2"),6.Adada Vaa,7.Asku Laska Emo Emo,8.Kuruvi Kuruvi,9.Dheko Dheko,10.Wanna Mash Up ?
Suzanne D'Mello,1.Surili Akhiyon Wale,2.Rishte Naate - From "De Dana Dan",3.Hosanna,4.Tum Ho,5.Prem Ki Naiyya,6.Wafa Ne Bewafai (From "Teraa Surroor"),7.Ee Hridayam,8.Hosanna - Lofi Flip,9.Rishte Naate - LO-FI Remix,10.Salaam Aaya
Swarnalatha,1.Poongatrile,2.Ennai Thottu,3.Muqabala Muqabala,4.Mukkala Mukkabla,5.Hai Rama,6.Poovoma Oorgolam,7.Andha Arabi Kadaloram,8.Aattama Therottama,9.Malliga Mottu (From "Sakthivel"),10.Usilambatti Pen Kutti Muthu
Tanvi Shah,1.Thuli Thuli (From "Paiya"),2.En Kadhal Solla (From "Paiya"),3.Iragai Poley - From "Naan Mahaan Alla",4.Magudi Magudi,5.Bezubaan,6.Theeratha Vilaiyattu,7.Dilli - 6,8.Pani Thulli (From "Kanda Naal Mudhal"),9.Yedho Mayakkam (From "Billa 2"),10.Goa
Tarali Sarma,1.Ahiba,2.Eman Morom,3.Anurag,4.Matilei Nami Oha Junak - Dewka,5.Henguliya,6.Kampito Madhav - Original,7.Kothati Bhujila - Original,8.Malayar Pakhi - Original,9.TRISHNATUR,10.Mor Mon Podulite
Tulsi Kumar,1.Tera Ban Jaunga (From "Kabir Singh"),2.Soch Na Sake,3.Pasoori Nu (From "Satyaprem Ki Katha"),4.Hum Nashe Mein Toh Nahin,5.Paniyon Sa,6.O Saki Saki (From "Batla House"),7.Lagdi Lahore Di (From "Street Dancer 3D"),8.Aaj Ke Baad,9.Tum Jo Aaye (From "Once Upon A Time In Mumbaai"),10.Piya Aaye Na (From "Aashiqui 2")
Usher,1.Yeah! (feat. Lil Jon & Ludacris),2.DJ Got Us Fallin' In Love (feat. Pitbull),3.My Boo,4.OMG (feat. will.i.am),5.U Remind Me,6.Love in This Club (feat. Young Jeezy),7.Burn,8.U Got It Bad,9.More - RedOne Jimmy Joker Remix,10.Confessions Part II
Usha Khanna,1.Commentry Tabassum And Zindagi Pyar Ka Geet Hai,2.Pal Bhar Ke Liye - From "Johny Mera Naam",3.Mubarakaan,4.Tu Kaun Kahan Se Aayi Hai,5.Pal Bhar Ke Liye - From "Johny Mera Naam",6.Chamcham Naachoongi,7.Pyar Ki Gadi,8.Dil Pardesi Ho Gayaa,9.Teri Galiyon Mein - In Your Lane - Hawas,10.Shayad Meri Shadi Live
Usha Mangeshkar,1.Janu Meri Jaan - From "Shaan",2.Swami Samarth Aarti,3.Aaya Mausam Dosti Ka,4.Tu Mungada Mungada,5.Janu Meri Jaan (Jungle Mein Mangle Mix),6.Tuj Maagatho Mi Aatha,7.Antakshari,8.Ek Lajara Na Sajara Mukhda,9.Hil Hil Pori Hila,10.Sagara Pran Talmalala
Usha Uthup,1.Darling,2.Race Gurram,3.Auva Auva Koi Yahan Nache,4.Doston Se Pyar Kiya - From 'Shaan' / Soundtrack Version,5.Tu Mujhe Jaan Se Bhi - Wardat / Soundtrack Version,6.Hai Ye Maya,7.Hari Om Hari,8.Vande Mataram,9.Drishyam 2 - Title Track,10.Ramba Ho-Ho-Ho Samba Ho-Ho-Ho
Uthara Unnikrishnan,1.Morrakka Mattrakkaa,2.Eena Meena Teeka - From "Theri",3.Pogum Paadhai - From "Pisasu",4.Kaiveesum,5.Ramashtakam,6.Bhagyada Lakshmi Baramma,7.Shambho Mahadeva,8.Endaro Mahanubhavulu,9.Muddugare Yashoda,10.Shri Ramchandra Kripalu
Vaikom Vijayalakshmi,1.En Jeevan,2.Vaa Veera (From "Maaveeran"),3.Soppanasundari,4.Kannulo Unnavu,5.Vaayadi Petha Pulla,6.Aaravalli,7.Manniley Eeramundu (From "Jai Bhim"),8.Kaikkottum Kandittilla,9.Kerala Manninayi,10.Piravi
Vaishali Samant,1.Radha Kaise Na Jale,2.Cham Cham Karta,3.Gulabachi Kali,4.Aika Dajiba,5.Kombdi Palali - From "Jatra",6.Kehdoon Tumhen (Close To U),7.Aabhas Ha,8.Patil Aala,9.Mast Challay Amcha,10.Turururu Chalu Nako
Vandana Srinivasan,1.Koodamela Koodavechi,2.Nee Illai Endraal,3.Unnale,4.Karuvakaatu Karuvaaya,5.Sandakkaari,6.Ayyo Adi Aathe - From "Kodiveeran",7.Marudhaani,8.Penne O Penne (From "Naan Sigappu Manithan"),9.Karukkuchoopu Kurraada,10.Adiye Unna Paathida
Vani Jairam,1.Olanjali Kuruvi - From "1983",2.Oka Brundavanam,3.Malligai En Mannan,4.Orey Naal Unnai,5.Kavithai Kelungal Karuvil,6.Manassin Madiyile - Version, 1,7.Inraiku Yen Indha,8.Naane Naana,9.Atho Vaaraandi,10.Endendu Ninnanu Maretu
Vasundhara Das,1.Kahin To,2.It's the Time to Disco,3.Chale Jaise Hawaien,4.Kannum Kannum,5.Where's the Party Tonight,6.Naaku Neeku,7.Salaam Namaste,8.Kattipudi Kattipudida (From "Kushi"),9.Secret Of Success,10.Shakalakka Baby ( From "Mudhalvan")
Jaxxon D. Silva,1.Bootleg Bones,2.A Swollen Song,3.Poor Thing,4.Underneath,5.Tutorial on How to Smile,6.one of those days,7.Me & My Mind,8.Room for Space,9.Blackout,10.Black Flag
P. Madhuri,1.Kaylani Kalavani,2.Ambadi Thannilorunni,3.Neela Ponmane,4.Mallikabanan Thante,5.Kasthoori Thailamittu,6.Krishnapaksha Kili,7.Thullikorikudam,8.Ezharaponnana,9.Innanikku Pottukuthan,10.Vaanamennum Veedhiyile
P. Susheela,1.Thenmadurai Vaigai Nadhi,2.Muthumani Maalai (From "Chinna Gounder"),3.Pesa Koodaathu,4.En Kanmani,5.Karpoora Bommai,6.Vatapatra (Happy),7.Sree Rastu Shubhamastu,8.Andhi Mazhai Megam,9.Rajaavin Paarvai,10.Naan Paartthathille
Palak Muchhal,1.Kaun Tujhe (From "M.S.Dhoni - The Untold Story"),2.Chahun Main Ya Naa (From "Aashiqui 2"),3.Meri Aashiqui (From "Aashiqui 2"),4.Sanam Teri Kasam,5.O Khuda,6.Valentine's Mashup 2019,7.Dhokha Dhadi,8.Tu Hi Hai Aashiqui - Duet,9.Kabhii Tumhhe - Female Version,10.Laapata
Prashanthini,1.Ayyayo,2.Mundhinam,3.Ennamo Yeadho (From "KO"),4.Oy..Oy..,5.Vizhi Moodi,6.Inka Edho,7.Love Pannu (Oru Punnagai Poove),8.Lolita,9.Monna Kanipinchavu,10.Iraivanai Unargira
Priya Hemesh,1.Aval,2.En Jannal Vandha,3.Ringa Ringa,4.Yaaro Yaaro,5.Neela Vaanam (From "Manmadan Ambu"),6.Sehari Sehari,7.Aathadi Manasudhan (From "Kazhugoo"),8.Meow Meow,9.Evaro Nenevaro,10.Onde Ondu Saari
Priyadarshini,1.Kadhal Vandhale,2.Papa Papa,3.Puli,4.Onnaam Class,5.Oye Kalla,6.Thaarru Maarru,7.Rathiri Nerathu (Remix) (From 'Sattapadi Kutram'),8.Oole Olele,9.Thangame Thangame,10.Mora Vinara
Queen Hazarika,1.Abhilashi Mone,2.Abhilashi Mone,3.Akakh Suboloi Mon,4.Xaare Aasu,5.Out Of The Blue Theme Song (From "Out Of The Blue"),6.Xaare Aasu,7.Moja Koru Aha Aji-Duet,Rajkumar,1.Oh Gulabiye,2.Pile Pile O Meri,3.Vidhi Baraha,4.Baani Gondu Elle,5.NAGUTHA NAGUTHA BAALU,6.Huttidare Kannada (From "Aakasmika"),7.CHELUVEYE NINNA,8.Hey Dinakara,9.I Love You Jeeva Hoovagide,10.Anuraga Yenaythu
Rakshita Suresh,1.Kutty Pattas,2.Kaalathukkum Nee Venum - From "Vendhu Thanindhathu Kaadu",3.Sol,4.Kodi Parakura Kaalam,5.Sanchariyagu Nee (From "Love Mocktail 2"),6.Nee Parichaya,7.Veera Raja Veera,8.Pattamarangal,9.Kirunage,10.O Nidhima (From "Love Mocktail 2")
Ranina Reddy,1.Malai Mangum Neram,2.Kodana Kodi,3.Ola Olaala Ala,4.Engeyum Kaadhal,5.Thee Illai,6.Ek Baar (From "Vinaya Vidheya Rama"),7.Mee Intiki Mundhu,8.Aga Naga,9.Ammadu Let's Do Kummudu (From "Khaidi No 150"),10.Mind Block (From "Sarileru Neekevvaru")
Ranjini Jose,1.Dhoore Mamarakombil - Cover Version,2.Mounam Swaramaay - Cover Version,3.Aaraaree Raareeraro Male,4.Siyona - From "Nammal Thammil",5.Dil Dil Salam Salam,6.Mazha Peyyannu,7.Kumbari,8.Vellambal,9.Ezham Baharinte,10.Naiyn Tere
Raavu Balasaraswathi,1.Manasaina Cheli Pilupu,2.Madhiloni Madhura,3.Neela Vanna Kanna Vaada,4.Thaane Maarenaa,5.Singaara Punnagai,6.Andaala Aanandam,7.Intha Telisi Undi,8.Eliyorai Thaazhthi,9.Malligaipoo Jaathi,10.Adigadigo Gagana Seema
Reena Bhardwaj,1.Yeh Rishta,2.Kaatril,3.Khilli Re,4.Naan Epoudhu,5.Kehu Nashedi Kahe - Studio,6.Tu Raha Niche - Studio,Rekha Bhardwaj,1.Kabira,2.Ilahi (From "Yeh Jawaani Hai Deewani"),3.Aise Kyun - Ghazal Version,4.Mileya Mileya,5.Badtameez Dil (From "Yeh Jawaani Hai Deewani"),6.Balam Pichkari (From "Yeh Jawaani Hai Deewani"),7.One Two Three Four (Get On The Dance Floor) [From "Chennai Express"],8.Judaai,9.Party All Night (From "Boss"),10.Sunny Sunny (From "Yaariyan")
Richa Sharma,1.Sajdaa,2.Jag Soona Soona Lage,3.Billo Rani,4.Maula Maula,5.Kahin Aag Lage Lag Jaaye,6.Sajdaa - Lofi Flip,7.Lambi Judai,8.Zor Ka Jhatka,9.Dil Teri Deewangi Mein,10.Tauba Tauba
Rimi Tomy,1.Etho Raathrimazha - Recreated Version,2.Therirangum Mukile - Recreated Version,3.Jillam Jillala,4.Aaro Viral Meetti - Recreated Version,5.Chingamasam,6.Karthaave,7.Vascodagama - Duet Version,8.Konji Konji Chirichal (From "Avatharam"),9.Karale Karalinte,10.Punjirikku
Roopa Revathi,1.Ottathoval,Ruma Guha Thakurta,1.Ei To Hethay Kunja Chhayay,2.Mayabonbiharini Horini,3.Kochi Kochi Mukh,4.Chinite Parini Bondhu,5.Uttorpara Dakhimpara,6.Mon Je Amar Kemon Kemon Kare,7.Arun Kiron Shish Bhusan,8.Prem Korechi Besh Korechi,9.Ki Moja Ki Moja,10.Luchi Luchi Fulko Luchi
S. Janaki,1.Thendral Vandhu Theendumbothu (From "Avatharam"),2.Kaadhal kaditham (From "Jodi"),3.Yaar Bina Chain Kanha Ray,4.Inji Idupazhaga (From "Devar Magan"),5.Sundari,6.Malare,7.Aasai Athigam (From "Marupadiyum"),8.Nenjinile,9.Kodiyile Malliyapoo,10.Chinna Chinna Vanna Kuyil
S. P. Sailaja,1.Aasaiye Kaathule,2.Kammani,3.Botany,4.Aayiram Malargale,5.Oru Kili Uruguthu,6.Yetho Ninaivugal,7.En Jodi Manja Kuruvi,8.Bothai Eripochu,9.Vannam Konda,10.Ada Machamulla
Sadhana Sargam,1.Pehla Nasha,2.Saat Samundar Paar Happy,3.Maahi Ve,4.Akkam Pakkam,5.Manmadhane Nee,6.Vennilave (From "Minsara Kanavu"),7.Enadhuyire (From "Bheema"),8.Merke Merke ( From" Kanda Naal Mudhalai"),9.Manasa,10.Aao Naa
Sagarika Mukherjee,1.Aaj To Bijiliyan,2.Na Koi Raah Hai,3.Nijer Cheye Maansooh Jokhon,4.Kehta Hai Yeh Mera Dil,5.Sab-I Dharmete,Pt. 2,6.Mil Ke Rahenge,7.Mere Liye,8.Jhoom Zara,9.Aa Jao,10.Rula Gaya
Salma Agha,1.Yaad Koi Aa Raha Hai,2.Dil Ki Yeh Arzoo Thi,3.Dil Ke Arman Ansuon Men Bah Gaye,4.Teri Mohabbat Meri Jawani,5.Aaya Tha Jis Pe Dil,6.Faza Bhi Hai Jawan - Ii,7.Meri Kahkashan Bhi Tu,8.Aaja Re Aaja Kar Loon,9.Kehna Na Tum Yeh Kisi Se,10.Dance Dance - Salma Agha
Sanchita Bhattacharya,1.Haathi Ka Bal Hai,2.Kambal Ke Neeche,3.Koshampa,4.Jai Jai Krishna,5.India Song,6.Adiye Adiye,7.Aaiye Meherbaan,8.Hathi Cha Bal Aahe,9.Jokhon Porbe Na Mor Payer Chinho,10.Din Gona Prem Bona
Sandhya Mukhopadhyay,1.Na Jadi Tumi Jano,2.Jakhani Kono Gaan Gaite,3.Je Ankhi Tiyasha Niye,4.Jadi Chao Chandni Tumi,5.Ke Tumi Go,6.Jato Baar Alo,7.Aji Siharita Tanu Mon,8.Amar Bari Jaio Bandhu,Sanjeevani Bhelande,1.Ya Kundendu,2.Yuge Atthavis,3.Lavthavti Vikarala - Shankarachi Aarti,4.Gajanana Shree Ganraya,5.Sada Sarvada - Shlok,6.Durge Durdhatbhari,7.Yei Oh Vitthale,8.Shani Chalisa,9.Om Namah Shivaya,10.Jai Adhya Shakti - Ambe Maa Ni Aarti
Santha P. Nair,1.Thumbi Thumbi Vaa,2.Puthanpurakare,3.Appam Venam,4.Vaasantha Raavinte,5.Maaney Maaney,6.Poove Nalla Poove,7.Ekantha Kamuka,8.Unaru Unaaru,9.Vattan Vilagngnittum Varinellu,10.Manaththulloru
Saindhavi,1.Pirai Thedum,2.En Jeevan,3.Yaar Indha Saalai Oram (From "Thalaivaa"),4.Adada Mazhaida (From "Paiya"),5.Andangakka,6.Shree Hari Stotram,7.Nesamaguren,8.Yaaro Ivan (From "Udhayam NH4"),9.Thanjavoor Jilla Kaari,10.Manasellam Mazhaiye
Sapna Mukherjee,1.Sundara Sundara,2.Mahabali Maharudra,3.Ooee Baba (From "Judaai"),4.Aakhir Tumhein Aana Hai,5.Tere Ishq Mein Naachenge,6.Tirchi Topiwale - 1,7.Khud Ko Kya Samajhti Hai - From "Khiladi",8.Pyaar Ka Anjaam,9.Gazar Ne Kiya Hai Ishara,10.Dil Le Gayi Teri Bindiya
Shakthisree Gopalan,1.Yaanji - From "Vikram Vedha",2.Aga Naga,3.Imaye Imaye,4.Naan Nee,5.Rendu Kaadhal (From "Kaathuvaakula Rendu Kaadhal"),6.Nenjame Nenjame,7.Thodu Vaanam,8.Vaaya Veera,9.Ninaivirukka (From "Pathu Thala"),10.Uchimandai
Shalmali Kholgade,1.Balam Pichkari,2.Lat Lag Gayee,3.Daaru Desi,4.Besharmi Ki Height,5.Mere Sawaal Ka (From "Shehzada"),6.Pareshaan,7.Don't Be Shy Again (From "Bala"),8.Tera Naam Doon,9.Beqaaboo,10.Baby Ko Bass Pasand Hai
Shamshad Begum,1.Teri Mehfil Mein Kismat Azmakar,2.Kajra Mohabbat Wala,3.Leke Pehla Pehla Pyaar - Farooq Got Audio Mix,4.Kabhi Aar Kabhi Paar - Farooq Got Audio Mix,5.Leke Pahla Pahla Pyar - Retro Mix,6.Leke Pahla Pahla Pyar,7.Leke Pahla Pahla Pyar - Remix,8.Saiyyan Dil Mein Aana Re,9.Kabhi Aar Kabhi Paar,10.Baratiya Lafua Laga Ta
Shankar-Ehsaan-Loy,1.Bol Na Halke Halke,2.Mitwa,3.Kal Ho Naa Ho,4.Sajde,5.Tere Naina,6.Sajdaa,7.O Rangrez,8.Zinda,9.Maahi Ve,10.Kajra Re
Shashaa Tirupati,1.Rait Zara Si,2.Bodhai Kaname - From "Oh Manapenne",3.The Humma Song,4.Naan Pizhai (From "Kaathuvaakula Rendu Kaadhal"),5.Visiri,6.Mayilaanjiye - From "Sivappu Manjal Pachai",7.Kajra and Uden Jab Jab Mashup,8.Idhu Dhaan - From "Sivappu Manjal Pachai",9.Oru Manam (From "Dhruva Natchathiram"),10.Khulke Jeene Ka
Shazneen Arethna,1.Aasman Ko Chukar,2.Superstar,3.I Hate You - Like I Love You,4.Dil Di Nazar (Remix),5.Hello Beardo,6.La La Love Song,7.After,8.Dance Alone,9.Stardom,10.Fucking Beautiful
Shilpa Rao,1.Tere Hawaale (From "Laal Singh Chaddha"),2.Besharam Rang (From "Pathaan"),3.Kaavaalaa (From "Jailer"),4.Khuda Jaane,5.Ghungroo (From "War"),6.Subhanallah,7.Bulleya (From "Ae Dil Hai Mushkil"),8.Saanjha (From "Zara Hatke Zara Bachke"),9.Allah Maaf Kare,10.Malang (From "Dhoom:3")
Sharda Sinha,1.Kahe Toh Se Sajna,2.Babul Jo Tum Ne Sikhaya,3.Pahile Pahil Chhathi Maiya,4.Kahe Toh Se Sajna - Lofi,5.Taar Bijli,6.Kelwa Ke Paat Par,7.Hardi Hardiya (Haldi),8.Ho Deenanath,9.Hare Hare Hare Dada (Madwa),10.Purab Disha Se - Lagan Geet
Shibani Kashyap,1.Leke Pehla Pehla Pyar,2.Ho Gayi Hai Mohabbat - Reprise - Shibani Kashyap,3.Buhe Bariyan,4.Lakk Shake,5.Zinda Hoon Main,6.KHUSHNUMA,7.Chura Liya Hai Tumne Jo Dil Ko,8.Mere Mehboob,9.Waqt Ne Kiya Kya Haseen Sitam - Shibani Kashyap,10.Zinda Hoon Main Y
Shreya Ghoshal,1.Zihaal e Miskin,2.Tum Kya Mile (From "Rocky Aur Rani Kii Prem Kahaani"),3.Pal,4.Saibo,5.Samjhawan,6.Hasi - Female Version,7.Param Sundari,8.Main Agar Kahoon,9.Tujh Mein Rab Dikhta Hai - Ii,10.Rasiya
Shruti Pathak,1.Tujhe Bhula Diya,2.Shubhaarambh,3.Tujhe Bhula Diya Lofi Mix,4.Valentine's Mashup 2019,5.Mar Jawaan,6.Criminal,7.The Break Up Mashup,8.Radha Ne Shyam Mali Jashe,9.Kehta Hai Pal Pal,10.Aas Paas Khuda (Unplugged)
Shubha Mudgal,1.Kanaa Kaangiren,2.Dholna - From "Pyar Ke Geet",3.Ab Ke Saawan,4.Aditya Hridaya Stotra,5.Piya Tora Kaisa Abhiman (Female),6.Mathura Nagarpati,7.Bichua,8.Seekho Na,9.Raha Dekhe,10.Jug Jug Jeeve (From "Badhaai Ho")
Shweta Mohan,1.Vaa Vaathi,2.Nee Paartha Vizhigal - The Touch of Love,3.Priya Mithunam (Telugu),4.Mastaaru Mastaaru,5.Innum Konjam Naeram,6.Maya Nadhi,7.Enna Solla (From "Thangamagan") - The New Life of Tamizh,8.Etho Mazhayil,9.Emannavoo,10.Sirukki Vaasam
Shweta Pandit,1.Kanave Kanave,2.Kiya Kiya,3.Aankhein Khuli,4.You're My Love,5.Thug Le,6.Ela Ela Naalo,7.Madhubala,8.Ninnaale,9.Chalte Chalte,10.Do Dhaari Talwaar
Shweta Shetty,1.Dil Tote Tote Ho Gaya,2.Poster Lagwado Bazaar Mein,3.Deewane To Deewane Hain,4.Rukmani Rukmani,5.Dhak Dhak,6.Main Deewani Main Mastani,7.Dilli Ki Sardi,8.Rukmani Rukmani - Instrumental,9.Hai Re Hai Rabba (Remix By Guru,Monty),10.Dil Tote Tote Ho Gaya
Shirley Setia,1.Jab Koi Baat - Recreated,2.Sach Bata Mujhe (From the album 'Industry2'),3.Kuchh Na Kaho,4.Nikamma (From "Nikamma"),5.Disco Disco,6.Koi Vi Nahi,7.Tu Jo Mila-Raabta,8.golden hour - Shirley Setia Remix,9.Jab Koi Baat - Lo Fi Remix,10.Ik Vaari Aa-Nadaan Parindey-Tum Ho Toh (From "T-Series Mixtape Season 2")
Simiran Kaur Dhadli,1.Faraar (From "Maurh"),2.Barood Wargi,3.Rok Leyy,4.Snakes & Ladders,5.Marr Tan Ni Gye,6.Classy Enemy,7.Good Luck,8.Shikaar,9.Niggh,10.Reality Check
Sivaangi Krishnakumar,1.MMBB Starwar (From "Golmaal"),2.Rekkalu Thodigi,The Smiths,1.There Is a Light That Never Goes Out - 2011 Remaster,2.This Charming Man - 2011 Remaster,3.Heaven Knows I'm Miserable Now - 2011 Remaster,4.This Night Has Opened My Eyes - 2011 Remaster,5.Back to the Old House - 2011 Remaster,6.Bigmouth Strikes Again - 2011 Remaster,7.Please, Please, Please, Let Me Get What I Want - 2011 Remaster,8.How Soon Is Now? - 2011 Remaster,9.Pretty Girls Make Graves - 2011 Remaster,10.I Know It's Over - 2011 Remaster
Sravana Bhargavi,1.Super Machi,2.Yevandoi Nani Garu,3.Wild Saala (From "Agent"),4.Zari Zari Panche Katti,5.Vaastu Bagunde,6.Aafat (Telugu) [From "Liger (Telugu)"],7.Aale Bale,8.Nannaku Prematho,9.Bhoom Shakenaka,10.Dhammu
Sithara Krishnakumar,1.Cherathukal (From "Kumbalangi Nights"),2.Kadukumanikkoru Kannundu - From "Kappela",3.Wow Song - Ponnin Kanikkonna,4.Kangal Neeye,5.Nee Mukilo - From "Uyare",6.Nannaya Raasina,7.Wow Song - Recreated Version,8.Ennilerinju,9.Vaanamakalunnuvo,10.Ila Peythu Moodumi - From "Ellam Sheriyakum"
Sona Mohapatra,1.Naina,2.Ambarsariya,3.Bahara,4.The Break Up Mashup,5.Bahara - Lofi Flip,6.Jiya Lage Na,7.Kabhi Aar Kabhi Paar (Remix),8.Bedardi Raja,9.Daav Laga,10.Rupaiyya
Sonu Kakkar,1.London Thumakda (From "Queen"),2.Babuji Zara Dheere Chalo,3.Madari,4.Sarrainodu,5.Meherbaan,6.Akkad Bakkad,7.Yeh Kasoor,8.Dil Ko Sukoon,9.Bin Laden,10.Chitti Aayirey
Somlata Acharyya Chowdhury,1.Amar Bhitor O Bahire,2.O Je Mane Na Mana,3.Jagorane Jay Bibhabori - 2011,4.Nishitho Raater,5.Shesh Belaye,6.Hey Shokha,7.Beshure,8.Aj Jyotsna Ratey,9.Amader Kotha Gulo,10.Tumi Ashbey Bole
Sowmya Raoh,1.Le Le Mazaa Le,2.Dilbara,3.Aedho Saigirai (From "Vaamanan"),4.Dreamum Wakeupum,5.Ithanundu (From "Dhol"),6.Karagida Baaninalli,7.Macarina Macarina (From "Kushi"),8.Nach Baliye,9.Unn Siripinil,10.Dilbara (Reprisal) Edit
Srilekha Parthasarathy,1.Yedho Ondru,2.Kalyaanam Thaan Kattikittu,3.Vaadiamma,4.Kokku Meena (From "Kovil"),5.Bunny Bunny,6.Thimsukatta (From "Thirumalai"),7.Vachikka vachikka,8.Vacchukka Vacchukka,9.Pambarakkannu Pachamilakaa,10.Chinna Veeda
Sudha Malhotra,1.Yeh Pyar Tha Ya Kuchh Aur Tha,2.Na To Caravan Ki Talash Hai,3.Shukratara Mand Vara,4.Na Main Dhan Chahun,5.Too Ashi Javali Raha,6.Darshan Do Ghanshyam,7.Tum Mujhe Bhool Bhi Jao - 1960,8.Yeh Hai Ishq Ishq,9.Hum Tumhare Hain,10.Mere Nadeem Mere Hamsafar
Sujatha,1.Pudhu Vellai Mazhai (From "Roja"),2.Kokkorakko (From "Gilli"),3.Kaadhal Rojave (From "Roja"),4.Ishq Bina,5.Poovukkul,6.Azhakooril (From "Thirumalai"),7.Oru Kaathilola,8.Junile Nilamazhayil,9.Karimizhi,10.Irava Pagala
Sulakshana Pandit,1.Jana Kaha Hai - Chalte Chalte / Soundtrack Version,2.Pappa Jaldi Aa Jana,3.Jab Aati Hogi Yaad Meri,4.Jiske Liye Sabko Chhoda,5.Kajre Ki Baati,6.Somwar Ko Hum Mile,7.Mana Teri Nazar Mein - Ahista Ahista / Soundtrack Version,8.Mausam Mausam Lovely Mausam,9.Sapnon Ka Raja - Chalte Chalte / Soundtrack Version,10.Saagar Kinare Do Dil Hai Pyase - Khamoshi - The Musical / Soundtrack Version
Suman Kalyanpur,1.Aajkal Tere Mere Pyar Ke Charche,2.Zindagi Imtihan Leti Hai - From "Naseeb",3.Nimbonichya Zadamaage,4.Na Na Karte Pyar Tumhin Se,5.Saang Kadhi Kalnar Tula,6.Tumne Pukara Aur Hum Chale Aaye,7.Rahen Na Rahen - Duet,8.Mera Pyar Bhi Tu Hai,9.Na Tum Hamen Jano,10.Jithe Sagra Dharni Milte
Sunitha Sarathy,1.Ennodu Nee Irundhaal,2.Bad Boy (From "Saaho"),3.Yaakkai Thiri (From "Aayutha Ezhuthu"),4.Engeyum Eppothum - From "Polladhavan",5.Ennodu Nee Irundhaal - Trending Version,6.Suthudhe Suthudhe (From "Paiya"),7.Thoovaanam,8.Vallava Ennai,9.Manasa Manasa,10.Ye Cheekati
Sunitha,1.Nunugu Misalodu,2.Gundu Sudhi,3.Yey Chikittha,4.Bangala Kathamulo,5.Pedhavi Daatani,6.Em Sandeham Ledu,7.Jum Jum Maya,8.Neeli Neeli Aakasam (From "30 Rojullo Preminchadam Ela"),9.Varsham Munduga,10.Nee Navvula
Surmukhi Raman,1.Kaar Kaala Velai,2.Anuvynakaalam,3.Mujhe Aa Bharle,4.Aledaata Kaata,5.Endhaaka Nee Payanam,6.Para Para,7.Aadum Mayilil Nee Vara Vendum,8.Inga Vaanthey,9.Thedi Thedi,10.Kanna Unnai
Sushma Shrestha,1.Kya Hua Tera Vada,2.Tera Mujhse - From "Aa Gale Lag Jaa",3.Ek Din Bik Jayega Mati Ke Mol - Sad,4.Aao Tumhen Chand Pe Le Jayen,5.Teri Hai Zameen Tera Aasman,6.Kya Hua Tera Vada Chill Flip,7.Kya Hua Tera Vada - LoFi,8.Kilbil Kilbil Pakshi Bolati,9.Kya Hua Tera Vada - Lofi,10.Kya Hua Tera Wada
Sunanda Sharma,1.Jatt Disda,2.Mummy Nu Pasand (From "Jai Mummy Di"),3.Tere Naal Nachna (From "Nawabzaade"),4.Jaani Tera Naa,5.Duji Vaar Pyar,6.Poster Lagwa Do (From "Luka Chuppi"),7.Sandal,8.Chori Chori,9.Saadi Yaad,10.9-9 Mashukan
Sunidhi Chauhan,1.Show Me The Thumka (From "Tu Jhoothi Main Makkaar"),2.Surili Akhiyon Wale - Duet,3.Halka Halka (From "Fanney Khan"),4.Desi Girl,5.Sheila Ki Jawani,6.Dilliwaali Girlfriend,7.Mere Haath Mein,8.Chor Bazaari,9.Kashmir Main Tu Kanyakumari,10.Kyon
SUVI,1.Kodana Kodi,2.Asku Laska,3.Odi Odi Vilayada,4.Nallamdhana,5.Yedho Mayakkam (From "Billa 2"),6.Adada Vaa,7.Asku Laska Emo Emo,8.Kuruvi Kuruvi,9.Dheko Dheko,10.Wanna Mash Up ?
Suzanne D'Mello,1.Surili Akhiyon Wale,2.Rishte Naate - From "De Dana Dan",3.Hosanna,4.Tum Ho,5.Prem Ki Naiyya,6.Wafa Ne Bewafai (From "Teraa Surroor"),7.Ee Hridayam,8.Hosanna - Lofi Flip,9.Rishte Naate - LO-FI Remix,10.Salaam Aaya
Swarnalatha,1.Poongatrile,2.Ennai Thottu,3.Muqabala Muqabala,4.Mukkala Mukkabla,5.Hai Rama,6.Poovoma Oorgolam,7.Andha Arabi Kadaloram,8.Aattama Therottama,9.Malliga Mottu (From "Sakthivel"),10.Usilambatti Pen Kutti Muthu
Tanvi Shah,1.Thuli Thuli (From "Paiya"),2.En Kadhal Solla (From "Paiya"),3.Iragai Poley - From "Naan Mahaan Alla",4.Magudi Magudi,5.Bezubaan,6.Theeratha Vilaiyattu,7.Dilli - 6,8.Pani Thulli (From "Kanda Naal Mudhal"),9.Yedho Mayakkam (From "Billa 2"),10.Goa
Tarali Sarma,1.Ahiba,2.Eman Morom,3.Anurag,4.Matilei Nami Oha Junak - Dewka,5.Henguliya,6.Kampito Madhav - Original,7.Kothati Bhujila - Original,8.Malayar Pakhi - Original,9.TRISHNATUR,10.Mor Mon Podulite
Tulsi Kumar,1.Tera Ban Jaunga (From "Kabir Singh"),2.Soch Na Sake,3.Pasoori Nu (From "Satyaprem Ki Katha"),4.Hum Nashe Mein Toh Nahin,5.Paniyon Sa,6.O Saki Saki (From "Batla House"),7.Lagdi Lahore Di (From "Street Dancer 3D"),8.Aaj Ke Baad,9.Tum Jo Aaye (From "Once Upon A Time In Mumbaai"),10.Piya Aaye Na (From "Aashiqui 2")
Usher,1.Yeah! (feat. Lil Jon & Ludacris),2.DJ Got Us Fallin' In Love (feat. Pitbull),3.My Boo,4.OMG (feat. will.i.am),5.U Remind Me,6.Love in This Club (feat. Young Jeezy),7.Burn,8.U Got It Bad,9.More - RedOne Jimmy Joker Remix,10.Confessions Part II
Usha Khanna,1.Commentry Tabassum And Zindagi Pyar Ka Geet Hai,2.Pal Bhar Ke Liye - From "Johny Mera Naam",3.Mubarakaan,4.Tu Kaun Kahan Se Aayi Hai,5.Pal Bhar Ke Liye - From "Johny Mera Naam",6.Chamcham Naachoongi,7.Pyar Ki Gadi,8.Dil Pardesi Ho Gayaa,9.Teri Galiyon Mein - In Your Lane - Hawas,10.Shayad Meri Shadi Live
Usha Mangeshkar,1.Janu Meri Jaan - From "Shaan",2.Swami Samarth Aarti,3.Aaya Mausam Dosti Ka,4.Tu Mungada Mungada,5.Janu Meri Jaan (Jungle Mein Mangle Mix),6.Tuj Maagatho Mi Aatha,7.Antakshari,8.Ek Lajara Na Sajara Mukhda,9.Hil Hil Pori Hila,10.Sagara Pran Talmalala
Usha Uthup,1.Darling,2.Race Gurram,3.Auva Auva Koi Yahan Nache,4.Doston Se Pyar Kiya - From 'Shaan' / Soundtrack Version,5.Tu Mujhe Jaan Se Bhi - Wardat / Soundtrack Version,6.Hai Ye Maya,7.Hari Om Hari,8.Vande Mataram,9.Drishyam 2 - Title Track,10.Ramba Ho-Ho-Ho Samba Ho-Ho-Ho
Uthara Unnikrishnan,1.Morrakka Mattrakkaa,2.Eena Meena Teeka - From "Theri",3.Pogum Paadhai - From "Pisasu",4.Kaiveesum,5.Ramashtakam,6.Bhagyada Lakshmi Baramma,7.Shambho Mahadeva,8.Endaro Mahanubhavulu,9.Muddugare Yashoda,10.Shri Ramchandra Kripalu
Vaikom Vijayalakshmi,1.En Jeevan,2.Vaa Veera (From "Maaveeran"),3.Soppanasundari,4.Kannulo Unnavu,5.Vaayadi Petha Pulla,6.Aaravalli,7.Manniley Eeramundu (From "Jai Bhim"),8.Kaikkottum Kandittilla,9.Kerala Manninayi,10.Piravi
Vaishali Samant,1.Radha Kaise Na Jale,2.Cham Cham Karta,3.Gulabachi Kali,4.Aika Dajiba,5.Kombdi Palali - From "Jatra",6.Kehdoon Tumhen (Close To U),7.Aabhas Ha,8.Patil Aala,9.Mast Challay Amcha,10.Turururu Chalu Nako
Vandana Srinivasan,1.Koodamela Koodavechi,2.Nee Illai Endraal,3.Unnale,4.Karuvakaatu Karuvaaya,5.Sandakkaari,6.Ayyo Adi Aathe - From "Kodiveeran",7.Marudhaani,8.Penne O Penne (From "Naan Sigappu Manithan"),9.Karukkuchoopu Kurraada,10.Adiye Unna Paathida
Vani Jairam,1.Olanjali Kuruvi - From "1983",2.Oka Brundavanam,3.Malligai En Mannan,4.Orey Naal Unnai,5.Kavithai Kelungal Karuvil,6.Manassin Madiyile - Version, 1,7.Inraiku Yen Indha,8.Naane Naana,9.Atho Vaaraandi,10.Endendu Ninnanu Maretu
Vasundhara Das,1.Kahin To,2.It's the Time to Disco,3.Chale Jaise Hawaien,4.Kannum Kannum,5.Where's the Party Tonight,6.Naaku Neeku,7.Salaam Namaste,8.Kattipudi Kattipudida (From "Kushi"),9.Secret Of Success,10.Shakalakka Baby ( From "Mudhalvan")
Jaxxon D. Silva,1.Bootleg Bones,2.A Swollen Song,3.Poor Thing,4.Underneath,5.Tutorial on How to Smile,6.one of those days,7.Me & My Mind,8.Room for Space,9.Blackout,10.Black Flag
